Order Number,Borrower,SLA Expiration*,Orig,Online/ Ground,Client,Product,Last User,Skill Grade,St,County,Municipality,Parcel ID,Task Name,Task Status,Comment,ETA,ETA Comments,Time Since Arrival,Task Time in Queue,Arrival Time,Completed Time,Vendor,OPON,Arrival Date,Queue Age Hours,Is Available,Is Suspended,SLA Status,Sync Timestamp
TPS-AD-26RL10318,Michael Orecchi,-5d 4h 53m,TPS-AD-,Ground,NTAWA,Current Owner,SachinSS_ADSSearchType,0,VT,Bennington,Winhall,(245)00701,Search,Task Suspended,[Int] - TV Auto Suspend - TV Auto-Suspen..,09/28 05:00 PM,"ETA: Hello, This order was received on 0..",8d 5h 30m,8d 5h 30m,09/11/2026 11:29 AM,,,,2026-09-11,197.5,False,True,Overdue,2026-09-24T05:41:07.310166+00:00
TPS-AD-FC622-VA,Jeffrey Ollie B,-3d 0m,TPS-AD-,Ground,FCHOICE,24 Month Curre..,SachinSS_ADSSearchType,0,VA,Charlottesville City,Charlottesville,,Search,Task Suspended,[Int] - TV Auto Suspend - TV Auto-Suspen..,09/24 05:00 PM,"ETA: Hello, We have received an incomple..",7d 6h 49m,7d 6h 49m,09/14/2026 10:10 AM,,,,2026-09-14,174.82,False,True,Overdue,2026-09-24T05:41:07.310166+00:00
TPS-AD-101-10884368,DIETER BRAND,-1d 2h 6m,TPS-AD-,Online,TELSIX,ClientReview,HarryS_ADSSearchType,0,SC,Kershaw,LUGOFF,,CRSP2,Task Suspended,Outbound correspondence created; ID=7904..,10/01 01:00 PM,"ETA: Hello Team, Please be informed tha..",1d 6h 6m,1d 6h 5m,09/22/2026 10:53 AM,,Invicto Labs Inc. SP2*,101-10884368,2026-09-22,30.1,False,True,Overdue,2026-09-24T05:41:07.310166+00:00
TPS-AD-5120126-02300,Jamison,4h 37m,TPS-AD-,Online,TRG,Current Owner,DeepikaK_ADSSearchType,0,OH,Licking,Alexandria,,TypingModule,Task Suspended,[Int] - TV Auto Logout - User Logged off..,,,2d 1h 29m,0m,09/21/2026 03:30 PM,,,,2026-09-21,49.48,False,True,Unknown,2026-09-24T05:41:07.310166+00:00
TPS-AD-26-003771-1,borrower: Feder,09/25 03:57 PM,TPS-AD-,Ground,BHTA,Two Owner,KishoreK_ADSSearchType,0,MN,Le Sueur,Kasota,,Search,Workflow Suspended,"Cannot Complete Order - Hello, As per th..",09/25 05:00 PM,ETA: Order has been assigned to the abst..,5d 0m,5d 0m,09/17/2026 08:57 AM,,,,2026-09-17,120.0,False,True,Unknown,2026-09-24T05:41:07.310166+00:00
TPS-AD-101-10919489,BUYER: Michael,-10d 4h 0m,TPS-AD-,Ground,TELSIX,Full Title,,0,GA,Muscogee,Columbus,,Search,Available,ETA accepted by dalderette on 9/23/2026 ..,09/25 05:00 PM,"ETA: Hello, As per the abstractor, this ..",15d 1h 1m,15d 1h 1m,09/01/2026 03:58 PM,,,,2026-09-01,361.02,True,False,Overdue,2026-09-24T05:41:07.310166+00:00
TPS-AD-76351162,BOOMER R WALKER,-6d 4h 40m,TPS-AD-,Ground,TSO,24 Month Curre..,,0,VT,Windham,West Wardsboro,16/ 02/ 003/ 1/,Search,Available,ETA accepted by dalderette on 9/23/2026 ..,09/24 05:00 PM,"ETA: Hello, The abstractor confirmed tha..",10d 2h 30m,10d 2h 30m,09/09/2026 02:29 PM,,,,2026-09-09,242.5,True,False,Overdue,2026-09-24T05:41:07.310166+00:00
TPS-AD-101-10925203,BUYER: ADAM NEW,-5d 52m,TPS-AD-,Online,TELSIX,Quality Contro..,KishoreK_ADSSearchType,0,OH,Morgan,Malta,,SearchFix,Workflow Suspended,Int - Following up on daily WIP,,"ETA: Hello Team, Please be informed tha..",5d 2h 52m,5d 2h 52m,09/16/2026 02:07 PM,,,,2026-09-16,122.87,False,True,Overdue,2026-09-24T05:41:07.310166+00:00
TPS-AD-919254532,BORROWER: C&B C,-3d 4h 0m,TPS-AD-,Ground,DATATREE,Current Owner,KishoreK_ADSSearchType,0,MN,Aitkin,AITKIN,31-0-036502,Search,Workflow Suspended,[Ext] - Awaiting client quote/fee approv..,09/24 05:00 PM,"ETA: Hello, We have utilized the contact..",8d 0m,8d 0m,09/13/2026 02:59 PM,,,,2026-09-13,192.0,False,True,Overdue,2026-09-24T05:41:07.310166+00:00
TPS-AD-101-10925706,BUYER: HAMILTON,-3d 1m,TPS-AD-,Ground,TELSIX,Full Title,,0,GA,Richmond,Hephzibah,,Search,Available,[Int] - Suspended for further review due..,09/30 05:00 PM,"ETA: Hello, This order was received on 0..",8d 0m,8d 0m,09/11/2026 05:44 PM,,,,2026-09-11,192.0,True,False,Overdue,2026-09-24T05:41:07.310166+00:00
TPS-AD-101-10925811,BUYER: MATTHEW,-2d 6h 1m,TPS-AD-,Ground,TELSIX,Full Title,DinakarK_ADSSearchType,0,NJ,Ocean,Brick,,Search,Task Suspended,Message Note added: client - foreclosur..,09/24 05:00 PM,"ETA: Hello, The order is currently wait..",7d 7h 23m,7d 7h 23m,09/14/2026 09:36 AM,,,,2026-09-14,175.38,False,True,Overdue,2026-09-24T05:41:07.310166+00:00
TPS-AD-101-10925704,BUYER: RAYMOND,-2d 5h 21m,TPS-AD-,Ground,TELSIX,Full Title,,0,GA,Stephens,Eastanollee,,Search,Available,Continue - OK to start at the developer ..,09/24 05:00 PM,"ETA: Hello, The order is still waiting ..",8d 0m,8d 0m,09/11/2026 05:38 PM,,,,2026-09-11,192.0,True,False,Overdue,2026-09-24T05:41:07.310166+00:00
TPS-AD-PA-2609407988,Todd Cook,-2d 4h 0m,TPS-AD-,Online,FATICCS,Full Title,DeepikaK_ADSSearchType,0,PA,Dauphin,HARRISBURG,,TypingModule,In Progress,INTERNAL: NO MORTGAGE CHECKLIST COMPLETE..,,what does this have to do with ETA reque..,5d 0m,0m,09/16/2026 05:43 PM,,,,2026-09-16,120.0,False,False,Overdue,2026-09-24T05:41:07.310166+00:00
TPS-AD-26-0321,David Vaughan,-2d 3h 12m,TPS-AD-,Ground,MTAC,Full Title,,0,MT,Deer Lodge,Anaconda,146300,Search,Available,[Int] - Suspended for further review due..,09/29 05:00 PM,"ETA: Hello, This order was received on ..",6d 7h 11m,6d 7h 8m,09/15/2026 09:48 AM,,,,2026-09-15,151.18,True,False,Overdue,2026-09-24T05:41:07.310166+00:00
TPS-AD-101-10926775,BUYER: SHEILA L,-2d 1h 36m,TPS-AD-,Ground,VYLLAMMP,Current Owner,MukeshT_ADSSearchType,0,MS,Lauderdale,Meridian,,TypingModule,Task Suspended,[Int] - TV Auto Suspend - TV Auto-Suspen..,09/24 05:00 PM,"ETA: Hello, This is a ground order, and ..",6d 5h 35m,0m,09/15/2026 11:24 AM,,,,2026-09-15,149.58,False,True,Overdue,2026-09-24T05:41:07.310166+00:00
TPS-AD-101-10924498,"BUYER: Gordon,",-1d 6h 0m,TPS-AD-,Online,TELSIX,Quality Contro..,HarryS_ADSSearchType,0,NJ,Essex,Glen Ridge,,SearchFix,Task Suspended,[Int] - TV Auto Suspend - TV Auto-Suspen..,,"ETA: Hello Team, Please be informed tha..",2d 0m,2d 0m,09/22/2026 06:24 AM,,,,2026-09-22,48.0,False,True,Overdue,2026-09-24T05:41:07.310166+00:00
TPS-AD-101-10925504,BUYER: JACQUELI,-1d 5h 43m,TPS-AD-,Ground,TELSIX,Two Owner,NishaM_ADSSearchType,0,MS,Jackson,Gautier,,Search,In Progress,ETA accepted by dalderette on 9/23/2026 ..,09/28 05:00 PM,"ETA: Hello, This order was received on 0..",8d 2h 38m,8d 2h 38m,09/11/2026 02:21 PM,,,,2026-09-11,194.63,False,False,Overdue,2026-09-24T05:41:07.310166+00:00
TPS-AD-P1543022,BORROWER: Sharo,-1d 4h 51m,TPS-AD-,Online,CISAFSION,Current Owner,AshifShaikh_ADSSearchType,0,CT,New Haven,Naugatuck,,TypingModule,Task Suspended,[Int] - TV Auto Suspend - TV Auto-Suspen..,,,3d 2h 11m,6m,09/18/2026 02:48 PM,,,,2026-09-18,74.18,False,True,Overdue,2026-09-24T05:41:07.310166+00:00
TPS-AD-25DO305 F,,-1d 4h 36m,TPS-AD-,Online,GGL,One Owner Fore..,DesiyaE_ADSSearchType,0,FL,Alachua,Gainesville,,Search,Workflow Suspended,Outbound correspondence created; ID=7902..,,,2d 3h 33m,2d 3h 30m,09/21/2026 01:26 PM,,,,2026-09-21,51.55,False,True,Overdue,2026-09-24T05:41:07.310166+00:00
TPS-AD-101-10924941,BUYER: MARIAN J,-1d 4h 0m,TPS-AD-,Ground,TELSIX,Full Title,,0,MS,Lowndes,Columbus,,Search,Available,ETA accepted by dalderette on 9/23/2026 ..,09/29 05:00 PM,"ETA: Hello, This order was received on 0..",9d 2h 9m,9d 2h 9m,09/10/2026 02:50 PM,,,,2026-09-10,218.15,True,False,Overdue,2026-09-24T05:41:07.310166+00:00
TPS-AD-920070711,BORROWER: Anton,-1d 4h 0m,TPS-AD-,Ground,PIVOT,Current Owner,KishoreK_ADSSearchType,0,NJ,Ocean,TOMS RIVER,08-00694-11-00007,Search,Workflow Suspended,ETA accepted by dalderette on 9/23/2026 ..,09/24 05:00 PM,"ETA: Hello, We have utilized the contact..",6d 5h 0m,6d 4h 59m,09/15/2026 11:59 AM,,,,2026-09-15,149.0,False,True,Overdue,2026-09-24T05:41:07.310166+00:00
TPS-AD-101-10929030,BUYER: William,-1d 3h 28m,TPS-AD-,Online,TELSIX,Two Owner,RaghuP_ADSSearchType,0,MD,Baltimore City,Baltimore,,Search,Task Suspended,ETA accepted by dalderette on 9/23/2026 ..,09/25 05:00 PM,"ETA: ON HOLD: Hello, We have completed t..",2d 7h 27m,2d 7h 27m,09/21/2026 09:32 AM,,,,2026-09-21,55.45,False,True,Overdue,2026-09-24T05:41:07.310166+00:00
TPS-AD-101-10928531,BUYER: Cynthia,-1d 2h 24m,TPS-AD-,Online,TELSIX,Full Title,,0,DC,District Of Columbia,Washington,,Search,Available,Continue - IR: 1. Please do not show Jud..,,,3d 5h 52m,3d 5h 52m,09/18/2026 11:07 AM,,,,2026-09-18,77.87,True,False,Overdue,2026-09-24T05:41:07.310166+00:00
TPS-AD-26018990IL,Busey Bank,-1d 2h 18m,TPS-AD-,Online,ADVOCUS,Full Title,NagendraR_ADSSearchType,0,IL,Madison,Maryville,"13-2-21-14-06-101-005, 13",Search,In Progress,Continue - WD 2007R13648 is the Vesting ..,,,2d 4h 48m,2d 4h 48m,09/21/2026 12:11 PM,,,,2026-09-21,52.8,False,False,Overdue,2026-09-24T05:41:07.310166+00:00
TPS-AD-101-10926241,BUYER: Darryl P,-6h 30m,TPS-AD-,Ground,TELSIX,Full Title,,0,GA,Bibb,Macon,,Search,Available,[Int] - Suspended for further review due..,09/25 05:00 PM,"ETA: Hello, This order was received on 0..",7d 2h 28m,7d 2h 27m,09/14/2026 02:31 PM,,,,2026-09-14,170.47,True,False,Overdue,2026-09-24T05:41:07.310166+00:00
TPS-AD-101-10925696,BUYER: RODNEY J,-5h 58m,TPS-AD-,Ground,TELSIX,Full Title,KishoreK_ADSSearchType,0,GA,Macon,Montezuma,,Search,Workflow Suspended,[Int] - Suspended for further review due..,09/25 05:00 PM,"ETA: Hello, For the subject order, multi..",8d 0m,8d 0m,09/11/2026 05:35 PM,,,,2026-09-11,192.0,False,True,Overdue,2026-09-24T05:41:07.310166+00:00
TPS-AD-P1543624,BORROWER: Heath,-4h 9m,TPS-AD-,Online,SIRAVNOSCU,Current Owner,VenkateshP_ADSSearchType,0,RI,Providence,Foster,,Search,Workflow Suspended,"Cannot Complete Order - Hello, 1. This i..",,,1d 4h 8m,1d 4h 8m,09/22/2026 12:51 PM,,,,2026-09-22,28.13,False,True,Overdue,2026-09-24T05:41:07.310166+00:00
TPS-AD-101-10929321,BUYER: JACKIE K,-4h 4m,TPS-AD-,Online,TELSIX,Two Owner,SathishkumarM_ADSSearchType,0,TX,Bowie,Redwater,,Search,Workflow Suspended,"Cannot Complete Order - Hello, We are..",,,2d 3m,2d 3m,09/21/2026 04:56 PM,,,,2026-09-21,48.05,False,True,Overdue,2026-09-24T05:41:07.310166+00:00
TPS-AD-101-10911913,BUYER: BONNIE M,-4h 0m,TPS-AD-,Ground,VYLLAMMP,Update w/ Requ..,AshokB_ADSSearchType,0,VA,Prince George,Disputanta,,UpdateSearch,Workflow Suspended,[Int] - Suspended for further review due..,09/25 05:00 PM,"ETA: Hello, We have utilized the contact..",5d 0m,5d 0m,09/17/2026 08:13 AM,,,,2026-09-17,120.0,False,True,Overdue,2026-09-24T05:41:07.310166+00:00
TPS-AD-101-10929540,BUYER: GINA TAY,-4h 0m,TPS-AD-,Online,TELSIX,Two Owner,MukeshT_ADSSearchType,0,TX,Hockley,Sundown,,TypingModule,In Progress,Continue - Plat attached please proceed.,,,2d 0m,0m,09/21/2026 10:27 PM,,,,2026-09-21,48.0,False,False,Overdue,2026-09-24T05:41:07.310166+00:00
TPS-AD-101-10929539,BUYER: MICHAEL,-4h 0m,TPS-AD-,Online,TELSIX,Two Owner,AnjumM_ADSSearchType,0,TX,Brazos,Bryan,,TypingModule,In Progress,Continue - Plat attached. Incorrect boo..,,,2d 0m,0m,09/21/2026 10:27 PM,,,,2026-09-21,48.0,False,False,Overdue,2026-09-24T05:41:07.310166+00:00
TPS-AD-101-10929547,BUYER: ALDO HER,-4h 0m,TPS-AD-,Online,TELSIX,Two Owner,SoniyaD_ADSSearchType,0,TX,Guadalupe,Seguin,,Search,In Progress,"Continue - Deed No #202199029754, #20219..",,,2d 0m,2d 0m,09/22/2026 06:58 AM,,,,2026-09-22,48.0,False,False,Overdue,2026-09-24T05:41:07.310166+00:00
TPS-AD-101-10929551,BUYER: GONZALO,-4h 0m,TPS-AD-,Online,TELSIX,Two Owner,,0,TX,Webb,Laredo,,Search,Available,"Continue - Plat map attached, please pro..",,,2d 0m,2d 0m,09/21/2026 10:57 PM,,,,2026-09-21,48.0,True,False,Overdue,2026-09-24T05:41:07.310166+00:00
TPS-AD-101-10927489,BUYER: JORGE TO,-3h 59m,TPS-AD-,Ground,TELSIX,Full Title,,0,NJ,Camden,West Berlin,,Search,Available,[Int] - Suspended for further review due..,09/28 05:00 PM,"ETA: Hello, This order was received on 0..",4d 7h 37m,4d 7h 37m,09/17/2026 09:22 AM,,,,2026-09-17,103.62,True,False,Overdue,2026-09-24T05:41:07.310166+00:00
TPS-AD-101-10929754,BUYER: SHAMIM F,-3h 27m,TPS-AD-,Online,VYLLAMMP,Current Owner,SachinSS_ADSSearchType,0,VA,Prince William,Woodbridge,,Search,Workflow Suspended,"Cannot Complete Order - Hello, For the s..",,,1d 3h 26m,1d 3h 26m,09/22/2026 01:33 PM,,,,2026-09-22,27.43,False,True,Overdue,2026-09-24T05:41:07.310166+00:00
TPS-AD-101-10927670,BUYER: CYNTHIA,-3h 7m,TPS-AD-,Ground,TELSIX,Full Title,AmruthR_ADSSearchType,0,NJ,Camden,Waterford Works,,Search,Task Suspended,ETA accepted by SyedaF_FAI on 9/21/2026 ..,09/24 05:00 PM,"ETA: Hello, This is a ground order, and ..",4d 6h 42m,4d 6h 42m,09/17/2026 10:17 AM,,,,2026-09-17,102.7,False,True,Overdue,2026-09-24T05:41:07.310166+00:00
TPS-AD-PPA-2762C,Emerald Propert,-2h 12m,TPS-AD-,Online,PAC,Full Title,MahaboobBa_ADSSearchType,0,PA,Berks,West Reading,93-5306-06-39-6115,Search,Task Suspended,[Int] - TV Auto Suspend - TV Auto-Suspen..,,,2d 3h 13m,2d 3h 13m,09/21/2026 01:46 PM,,,,2026-09-21,51.22,False,True,Overdue,2026-09-24T05:41:07.310166+00:00
TPS-AD-923430688,BORROWER: WILLI,-2h 0m,TPS-AD-,Online,DATATREE,Legal & Vestin..,SachinSS_ADSSearchType,0,KY,Boyd,ASHLAND,023-07-01-007.00,Search,Workflow Suspended,"Cannot Complete Order - Hello, For the s..",,,1d 0m,1d 0m,09/23/2026 08:11 AM,,,,2026-09-23,24.0,False,True,Overdue,2026-09-24T05:41:07.310166+00:00
TPS-AD-26019108IL,James Didion,-1h 41m,TPS-AD-,Online,ADVOCUS,Full Title,,0,IL,Williamson,Makanda,,Search,Available,Continue - These deeds can be purchased ..,,,1d 2h 37m,1d 2h 37m,09/22/2026 02:22 PM,,,,2026-09-22,26.62,True,False,Overdue,2026-09-24T05:41:07.310166+00:00
TPS-AD-520-1226327,Virginia A Quil,-1h 18m,TPS-AD-,Ground,LLSS,Two Owner,KishoreK_ADSSearchType,0,KY,Jefferson,Louisville,,Search,Workflow Suspended,[Int] - Suspended for further review due..,09/25 05:00 PM,"ETA: Hello, For this order, since the pr..",7d 4h 57m,7d 4h 56m,09/14/2026 12:02 PM,,,,2026-09-14,172.95,False,True,Overdue,2026-09-24T05:41:07.310166+00:00
TPS-AD-P1496609,BORROWER: Tiffa,-33m,TPS-AD-,Online,SIRAVNNWCB,Update Current..,,0,CT,Litchfield,Morris,,UpdateSearch,Available,ETA updated by AshokB_ADSSearchType on ..,09/30 05:00 PM,"ON HOLD - Hello, As per the Morris Town ..",11d 32m,11d 32m,09/08/2026 04:27 PM,,,,2026-09-08,264.53,True,False,Overdue,2026-09-24T05:41:07.310166+00:00
TPS-AD-101-10927827,BUYER: STEVEN Y,-11m,TPS-AD-,Ground,VYLLAMMP,Current Owner,,0,MT,Richland,Sidney,,Search,Available,[Int] - Suspended for further review due..,09/29 05:00 PM,"ETA: Hello, This order was received on 0..",4d 4h 10m,4d 4h 9m,09/17/2026 12:49 PM,,,,2026-09-17,100.17,True,False,Overdue,2026-09-24T05:41:07.310166+00:00
TPS-AD-7223-6642697,,-0m,TPS-AD-,Online,FIRSTAMFL,Current Owner,,0,CT,Hartford,East Hartford,,Search,Available,[Int] - TV Auto Suspend - TV Auto-Suspen..,,,6h 23m,6h 23m,09/23/2026 10:36 AM,,,,2026-09-23,6.38,True,False,Overdue,2026-09-24T05:41:07.310166+00:00
TPS-AD-1689068-1499963,HIGHLAND MILLSH,-0m,TPS-AD-,Online,DRI,Current Owner,KamaleshK_ADSSearchType,0,MO,St. Louis,SAINT LOUIS,25T210122,Search,Workflow Suspended,"Cannot Complete Order - Hello, 1. for t..",,,7h 56m,7h 54m,09/23/2026 09:03 AM,,,,2026-09-23,7.93,False,True,Overdue,2026-09-24T05:41:07.310166+00:00
TPS-AD-P1543280,BORROWER: Barry,7h 11m,TPS-AD-,Online,CISAFSTSB,Current Owner,,0,CT,Litchfield,Canaan,,Search,Available,[Int] - TV Auto Suspend,,,1d 0m,1d 0m,09/23/2026 08:52 AM,,,,2026-09-23,24.0,True,False,Unknown,2026-09-24T05:41:07.310166+00:00
TPS-AD-AZ-2608-0482,borrower: Anast,7h 29m,TPS-AD-,Online,LANDSEA,Home Builder U..,PurushothamaR_ADSSearchType,0,AZ,Pinal,San Tan Valley,,Search,Task Suspended,[Int] - TV Auto Logout - User session ti..,,,1d 3h 40m,1d 3h 39m,09/22/2026 01:19 PM,,,AZ-2608-0482,2026-09-22,27.67,False,True,Unknown,2026-09-24T05:41:07.310166+00:00
TPS-AD-26NTNY27396,Joseph Johnson,7h 32m,TPS-AD-,Online,NFTSNY,Two Owner,,0,NY,Suffolk,Sayville,,TypingModule,Available,[Int] - TV Auto Suspend - TV Auto-Suspen..,,,1d 3h 37m,1d 0m,09/22/2026 01:22 PM,,,,2026-09-22,27.62,True,False,Unknown,2026-09-24T05:41:07.310166+00:00
TPS-AD-101-10929751,CORP: NMB 1300,7h 33m,TPS-AD-,Online,TELSIX,Two Owner,SaiPraneethP_ADSSearchType,6,FL,Palm Beach,West Palm Beach,,TypingModule,In Progress,"Continue - On Deed 10246/395, the grante..",,,1d 3h 11m,0m,09/22/2026 01:48 PM,,,,2026-09-22,27.18,False,False,Unknown,2026-09-24T05:41:07.310166+00:00
TPS-AD-101-10929900,Terry Ann T Fuj,7h 36m,TPS-AD-,Online,TELSIX,Judgment Only,DhanushG_ADSSearchType,0,DE,New Castle,Hockessin,,TypingModule,In Progress,,,,5h 34m,0m,09/23/2026 11:25 AM,,,,2026-09-23,5.57,False,False,Unknown,2026-09-24T05:41:07.310166+00:00
TPS-AD-AZ-2609-0548,borrower: Josep,7h 53m,TPS-AD-,Online,LANDSEA,Home Builder L..,PurushothamaR_ADSSearchType,0,AZ,Maricopa,Goodyear,,UpdateSearch,Workflow Suspended,"Cannot Complete Order - Hello, The lega..",,,1d 3h 16m,1d 3h 11m,09/22/2026 01:43 PM,,,,2026-09-22,27.27,False,True,Unknown,2026-09-24T05:41:07.310166+00:00
TPS-AD-4079007-1,"LELA L POOLE, M",1d 7m,TPS-AD-,Online,MC,Update Full Ti..,KishoreK_ADSSearchType,0,IA,Des Moines,Burlington,,UpdateSearch,Task Suspended,[Int] - TV Auto Suspend - TV Auto-Suspen..,,,7h 2m,7h 1m,09/23/2026 09:57 AM,,,4079007-5,2026-09-23,7.03,False,True,Unknown,2026-09-24T05:41:07.310166+00:00
TPS-AD-101-10929768,BUYER: TAMEKA W,1d 10m,TPS-AD-,Online,VYLLAMMP,Current Owner,PriyankaK_ADSSearchType,0,GA,Clayton,Hampton,,TypingModule,Task Suspended,[Int] - TV Auto Suspend - TV Auto-Suspen..,,,7h 7m,0m,09/23/2026 09:52 AM,,,,2026-09-23,7.12,False,True,Unknown,2026-09-24T05:41:07.310166+00:00
TPS-AD-101-10927014,BUYER: Lawrence,1d 16m,TPS-AD-,Ground,TELSIX,Full Title,AshokaA_ADSSearchType,0,LA,Orleans,New Orleans,,TypingModule,In Progress,ETA accepted by KondaveniP_FAI on 9/17/2..,09/24 05:00 PM,ETA: Order has been assigned to the abst..,6d 4m,0m,09/15/2026 04:55 PM,,,,2026-09-15,144.07,False,False,Unknown,2026-09-24T05:41:07.310166+00:00
TPS-AD-101-10602443,IVY TERRELL AND,1d 2h 48m,TPS-AD-,Online,TELSIX,Update w/ Requ..,,0,LA,Orleans,NEW ORLEANS,1614-OPELOUSASAV,UpdateSearch,Available,[Int] - TV Auto Suspend,,,3h 5m,3h 5m,09/23/2026 01:54 PM,,,101-10930194,2026-09-23,3.08,True,False,Unknown,2026-09-24T05:41:07.310166+00:00
TPS-AD-923475344,BORROWER: Linda,1d 19m,TPS-AD-,Online,PIVOT,Current Owner,NaveenC_ADSSearchType,0,CT,New Haven,NEW HAVEN,NHVN M:215 B:0437 L:00500,Search,Workflow Suspended,Cannot Complete Order - 1. The online re..,,,6h 50m,6h 50m,09/23/2026 10:09 AM,,,,2026-09-23,6.83,False,True,Unknown,2026-09-24T05:41:07.310166+00:00
TPS-AD-923563417,BORROWER: COLBY,1d 30m,TPS-AD-,Online,DATATREE,Legal & Vestin..,SanthoshK_ADSSearchType,0,MI,Jackson,JACKSON,000-08-27-158-009-00,Search,Task Suspended,[Int] - TV Auto Suspend - TV Auto-Suspen..,,,4h 40m,4h 40m,09/23/2026 12:19 PM,,,,2026-09-23,4.67,False,True,Unknown,2026-09-24T05:41:07.310166+00:00
TPS-AD-101-10927025,BUYER: CHRISTIA,1d 49m,TPS-AD-,Ground,TELSIX,Full Title,,0,LA,Livingston,Livingston,,Search,Available,Continue - Proceed and only include judg..,09/24 05:00 PM,ETA: Order has been assigned to the abst..,6d 0m,6d 0m,09/15/2026 05:07 PM,,,,2026-09-15,144.0,True,False,Unknown,2026-09-24T05:41:07.310166+00:00
TPS-AD-101-10929213,BUYER: Reginald,1d 58m,TPS-AD-,Online,TELSIX,Full Title,DinakarK_ADSSearchType,0,OH,Hamilton,Cincinnati,,Search,Workflow Suspended,"Cannot Complete Order - Hello, We are u..",,,2d 2h 11m,2d 2h 10m,09/21/2026 02:48 PM,,,,2026-09-21,50.18,False,True,Unknown,2026-09-24T05:41:07.310166+00:00
TPS-AD-101-10785268,CORP: TBD,1d 1h 1m,TPS-AD-,Online,TELSIX,Update Prelimi..,KishoreK_ADSSearchType,0,LA,Orleans,New Orleans,,UpdateSearch,Task Suspended,[Int] - TV Auto Suspend - TV Auto-Suspen..,,,6h 8m,6h 8m,09/23/2026 10:51 AM,,,,2026-09-23,6.13,False,True,Unknown,2026-09-24T05:41:07.310166+00:00
TPS-AD-101-10785268,CORP: TBD,1d 1h 1m,TPS-AD-,Ground,TELSIX,Attorney Appro..,,0,LA,Orleans,New Orleans,,Search,Available,[Int] - TV Auto Suspend - TV Auto-Suspen..,09/25 05:00 PM,"ETA: Hello, The product was received as ..",6h 8m,6h 8m,09/23/2026 10:51 AM,,,,2026-09-23,6.13,True,False,Unknown,2026-09-24T05:41:07.310166+00:00
TPS-AD-WF-447408,borrower: Erin,1d 1h 2m,TPS-AD-,Online,DOMA,Current Owner,KishoreK_ADSSearchType,0,AZ,Maricopa,Chandler,,Search,Workflow Suspended,"Cannot Complete Order - Hello, 1. For t..",,,6h 7m,6h 7m,09/23/2026 10:52 AM,,,,2026-09-23,6.12,False,True,Unknown,2026-09-24T05:41:07.310166+00:00
TPS-AD-101-10929213-2,BUYER: Reginald,1d 1h 2m,TPS-AD-,Online,TELSIX,Full Title,DinakarK_ADSSearchType,0,OH,Hamilton,Cincinnati,,Search,Workflow Suspended,[Int] - TV Auto Suspend - TV Auto-Suspen..,,,2d 2h 7m,2d 2h 6m,09/21/2026 02:52 PM,,,,2026-09-21,50.12,False,True,Unknown,2026-09-24T05:41:07.310166+00:00
TPS-AD-101-10858629,ALFREDA Y WALLA,1d 1h 9m,TPS-AD-,Online,TELSIX,Update w/ Requ..,josephL_ADSSearchType,0,FL,Escambia,PENSACOLA,,UpdateSearch,In Progress,Client: Comment: Please provide us with ..,,,6h 0m,5h 54m,09/23/2026 10:59 AM,,,,2026-09-23,6.0,False,False,Unknown,2026-09-24T05:41:07.310166+00:00
TPS-AD-101-10807075,DUANE HAMILTON,1d 1h 11m,TPS-AD-,Online,TELSIX,Update Full Ti..,ShwetaA_ADSSearchType,0,FL,Duval,JACKSONVILLE,,UpdateSearch,In Progress,Client: OPN: 101-10929891,,,5h 58m,5h 50m,09/23/2026 11:01 AM,,,101-10929891,2026-09-23,5.97,False,False,Unknown,2026-09-24T05:41:07.310166+00:00
TPS-AD-101-10859660,PEDRO CASANOVA,1d 1h 15m,TPS-AD-,Online,TELSIX,Update w/ Requ..,,0,FL,Lee,CAPE CORAL,,UpdateSearch,Available,Client: Comment: Please provide us with ..,,,5h 54m,5h 47m,09/23/2026 11:05 AM,,,,2026-09-23,5.9,True,False,Unknown,2026-09-24T05:41:07.310166+00:00
TPS-AD-101-10929825,BUYER: Matilda,1d 1h 16m,TPS-AD-,Online,TELSIX,Two Owner,SupriyaG_ADSSearchType,0,PA,Lehigh,Allentown,,TypingModule,In Progress,[Int] - TV Auto Suspend - TV Auto-Suspen..,,,1d 1h 29m,0m,09/22/2026 03:30 PM,,,,2026-09-22,25.48,False,False,Unknown,2026-09-24T05:41:07.310166+00:00
TPS-AD-P1537269,BORROWER: Miko,1d 1h 17m,TPS-AD-,Online,SIRAEFCU,Update Legal &..,VenkateshP_ADSSearchType,0,CT,Tolland,Vernon Rockville,,UpdateSearch,Workflow Suspended,"Cannot Complete Order - Hello, As per TV..",,,5h 52m,5h 52m,09/23/2026 11:07 AM,,,,2026-09-23,5.87,False,True,Unknown,2026-09-24T05:41:07.310166+00:00
TPS-AD-101-10930199,BUYER: JOHN P K,1d 1h 22m,TPS-AD-,Online,VYLLAMMP,Current Owner,,0,WV,Berkeley,Martinsburg,,Search,Available,[Int] - TV Auto Suspend,,,5h 47m,5h 46m,09/23/2026 11:12 AM,,,,2026-09-23,5.78,True,False,Unknown,2026-09-24T05:41:07.310166+00:00
TPS-AD-50-26-01264,BORROWER: Andre,1d 1h 23m,TPS-AD-,Online,CODILIS,Update Two Own..,KishoreK_ADSSearchType,0,WI,Dodge,Mayville,,UpdateSearch,Task Suspended,[Int] - TV Auto Suspend - TV Auto-Suspen..,,,5h 46m,5h 46m,09/23/2026 11:13 AM,,,,2026-09-23,5.77,False,True,Unknown,2026-09-24T05:41:07.310166+00:00
TPS-AD-101-10903045,KRISTA JAWORSKI,1d 7h 11m,TPS-AD-,Online,TELSIX,Update Full Ti..,,0,MI,Macomb,ROSEVILLE,_1417179010,UpdateSearch,Available,[Int] - TV Auto Suspend,,,0m,0m,09/23/2026 05:22 PM,,,,2026-09-23,0.0,True,False,Unknown,2026-09-24T05:41:07.310166+00:00
TPS-AD-101-10929841,BUYER: Charles,1d 1h 27m,TPS-AD-,Online,TELSIX,Two Owner,PoongavanamG_ADSSearchType,0,NJ,Somerset,Somerset,,Search,Workflow Suspended,"Cannot Complete Order - Hello, The TV l..",,,1d 1h 28m,1d 1h 28m,09/22/2026 03:31 PM,,,,2026-09-22,25.47,False,True,Unknown,2026-09-24T05:41:07.310166+00:00
TPS-AD-101-10930200,BUYER: JULIA GA,1d 1h 33m,TPS-AD-,Online,VYLLAMMP,Current Owner,,0,MD,Prince Georges,Fort Washington,,Search,Available,[Int] - TV Auto Suspend,,,5h 36m,5h 34m,09/23/2026 11:23 AM,,,,2026-09-23,5.6,True,False,Unknown,2026-09-24T05:41:07.310166+00:00
TPS-AD-101-10929846,BUYER: VALERIE,1d 1h 38m,TPS-AD-,Online,TELSIX,Two Owner,,0,MD,Charles,Waldorf,,Search,Available,[Int] - TV Auto Suspend - TV Auto-Suspen..,,,1d 1h 31m,1d 1h 31m,09/22/2026 03:28 PM,,,,2026-09-22,25.52,True,False,Unknown,2026-09-24T05:41:07.310166+00:00
TPS-AD-101-10864181,DENNIS OGDEN AN,1d 1h 41m,TPS-AD-,Online,TELSIX,Update Full Ti..,,0,FL,Polk,WINTER HAVEN,24-28-26-588504-000120,UpdateSearch,Available,[Int] - TV Auto Suspend,,,5h 28m,5h 27m,09/23/2026 11:31 AM,,,,2026-09-23,5.47,True,False,Unknown,2026-09-24T05:41:07.310166+00:00
TPS-AD-101-10925616,BUYER: Christop,1d 1h 41m,TPS-AD-,Ground,TELSIX,Full Title,,0,GA,Troup,Lagrange,,Search,Available,ETA accepted by KondaveniP_FAI on 9/17/2..,09/24 05:00 PM,ETA: Order has been assigned to the abst..,8d 47m,8d 47m,09/11/2026 04:12 PM,,,,2026-09-11,192.78,True,False,Unknown,2026-09-24T05:41:07.310166+00:00
TPS-AD-26019150IL,Deborah Reed,1d 1h 48m,TPS-AD-,Online,ADVOCUS,Full Title,RakshithaD_ADSSearchType,0,IL,Williamson,Marion,07-15-400-024,TypingModule,In Progress,Continue - Proceed with the search and a..,,,1d 1h 21m,0m,09/22/2026 03:38 PM,,,,2026-09-22,25.35,False,False,Unknown,2026-09-24T05:41:07.310166+00:00
TPS-AD-101-10929859,BUYER: PENNY LE,1d 1h 49m,TPS-AD-,Online,TELSIX,Two Owner,NavyaS_ADSSearchType,0,TX,Johnson,Joshua,,Search,In Progress,Continue - 1. 2677/621 and 3222/701 do n..,,,1d 1h 20m,1d 1h 20m,09/22/2026 03:39 PM,,,,2026-09-22,25.33,False,False,Unknown,2026-09-24T05:41:07.310166+00:00
TPS-AD-LDR-447251,borrower: JEREM,1d 1h 49m,TPS-AD-,Ground,DOMA,Document Retri..,YeshwanthM_ADSSearchType,0,MT,Deer Lodge,Anaconda,,Search,Workflow Suspended,"Cannot Complete Order - Hello, As per a..",09/30 05:00 PM,"ETA: This is a Ground order, and order r..",3h 21m,3h 20m,09/23/2026 01:38 PM,,,,2026-09-23,3.35,False,True,Unknown,2026-09-24T05:41:07.310166+00:00
TPS-AD-8456395,Wesbanco,1d 1h 50m,TPS-AD-,Online,INFOTRACK,Full Title,AnushreeU_ADSSearchType,0,IN,Allen,Fort Wayne,,Search,Workflow Suspended,"Cannot Complete Order - hello, This is ..",,,2d 1h 19m,2d 1h 18m,09/21/2026 03:40 PM,,,,2026-09-21,49.32,False,True,Unknown,2026-09-24T05:41:07.310166+00:00
TPS-AD-101-10786349,BUYER: Joseph H,1d 1h 53m,TPS-AD-,Online,TELSIX,Update w/ Requ..,,0,NJ,Sussex,Fredon,,UpdateSearch,Available,Client: Comment: title update Effective ..,,,5h 16m,5h 16m,09/23/2026 11:43 AM,,,,2026-09-23,5.27,True,False,Unknown,2026-09-24T05:41:07.310166+00:00
TPS-AD-101-10882660,TITANIC CAPITAL,1d 2h 1m,TPS-AD-,Online,TELSIX,Update Full Ti..,,0,NY,Kings,BROOKLYN,,UpdateSearch,Available,Client : opn : 101-10882660,,,5h 8m,5h 8m,09/23/2026 11:51 AM,,,,2026-09-23,5.13,True,False,Unknown,2026-09-24T05:41:07.310166+00:00
TPS-AD-923542990,BORROWER: Jessi,1d 2h 2m,TPS-AD-,Online,PIVOT,Current Owner,,0,CT,New London,LEDYARD,LEDY M:70 B:2190 L:28,Search,Available,[Int] - TV Auto Suspend,,,5h 7m,5h 7m,09/23/2026 11:52 AM,,,,2026-09-23,5.12,True,False,Unknown,2026-09-24T05:41:07.310166+00:00
TPS-AD-101-10928117,SECRETARY OF HO,1d 2h 39m,TPS-AD-,Ground,TELSIX,Full Title,,0,VA,Fredericksburg City,FREDERICKSBURG,_,Search,Available,ETA accepted by KondaveniP_FAI on 9/17/2..,09/24 05:00 PM,ETA: Order has been assigned to the abst..,4d 28m,4d 28m,09/17/2026 04:31 PM,,,101-10928117,2026-09-17,96.47,True,False,Unknown,2026-09-24T05:41:07.310166+00:00
TPS-AD-101-10793792,BUYER: HOWARD S,1d 2h 40m,TPS-AD-,Online,TELSIX,Update w/ Requ..,,0,NJ,Camden,Pennsauken,,UpdateSearch,Available,"Client : Effective Date: September 2, 20..",,,4h 29m,4h 29m,09/23/2026 12:30 PM,,,,2026-09-23,4.48,True,False,Unknown,2026-09-24T05:41:07.310166+00:00
TPS-AD-DCM-285721-P,Name(s) The Sec,1d 2h 40m,TPS-AD-,Online,SUMMIT,Update Prelimi..,ANILG_ADSSearchType,0,TX,Tarrant,Fort Worth,,UpdateSearch,Workflow Suspended,"Cannot Complete Order - Hello, As per ..",,,4h 29m,4h 29m,09/23/2026 12:30 PM,,,,2026-09-23,4.48,False,True,Unknown,2026-09-24T05:41:07.310166+00:00
TPS-AD-101-10869859,** No Buyer inf,1d 2h 51m,TPS-AD-,Online,TELSIX,Update w/ New ..,,0,AR,Independence,Cushman,,UpdateSearch,Available,"client- Laura.Turkal@vylla.com ""We place..",,,4h 18m,4h 18m,09/23/2026 12:41 PM,,,101-10930172,2026-09-23,4.3,True,False,Unknown,2026-09-24T05:41:07.310166+00:00
TPS-AD-62600920,Jason and Heath,1d 3h 1m,TPS-AD-,Online,PATNV,Current Owner,,0,NV,Washoe,Sparks,512-211-08,Search,Available,[Int] - TV Auto Suspend,,,3h 6m,2h 58m,09/23/2026 01:53 PM,,,,2026-09-23,3.1,True,False,Unknown,2026-09-24T05:41:07.310166+00:00
TPS-AD-2026-03433-FL,RICHARD NELSON,1d 3h 10m,TPS-AD-,Online,PREMIER,Two Owner,MohammadS_ADSSearchType,0,FL,Palm Beach,Delray Beach,,Search,Workflow Suspended,"Cannot Complete Order - Hello, 1)Please..",,,5h 46m,5h 37m,09/23/2026 11:13 AM,,,,2026-09-23,5.77,False,True,Unknown,2026-09-24T05:41:07.310166+00:00
TPS-AD-14-26-06049,Federal Home Lo,1d 3h 10m,TPS-AD-,Online,CODILIS,Full Title,,0,IL,Stephenson,Cedarville,13-08-36-452-016,Search,Available,[Int] - TV Auto Suspend - TV Auto-Suspen..,,,1d 5h 17m,1d 5h 17m,09/22/2026 11:42 AM,,,,2026-09-22,29.28,True,False,Unknown,2026-09-24T05:41:07.310166+00:00
TPS-AD-260923311,WILLMER TUCKER,1d 3h 10m,TPS-AD-,Online,MORT,Two Owner,,0,FL,Miami-Dade,Miami,,Search,Available,[Int] - TV Auto Suspend,,,5h 41m,5h 36m,09/23/2026 11:18 AM,,,,2026-09-23,5.68,True,False,Unknown,2026-09-24T05:41:07.310166+00:00
TPS-AD-P1543952,BORROWER: Richa,1d 3h 10m,TPS-AD-,Online,SIRDIME,Current Owner,,0,CT,New London,Salem,,Search,Available,Continue - IR: Please use assessments va..,,,3h 59m,3h 59m,09/23/2026 01:00 PM,,,,2026-09-23,3.98,True,False,Unknown,2026-09-24T05:41:07.310166+00:00
TPS-AD-14-26-05051,BORROWER: Karla,1d 3h 11m,TPS-AD-,Online,CODILIS,Update Full Ti..,,0,IL,McHenry,Johnsburg,,UpdateSearch,Available,ETA updated by AshokB_ADSSearchType on ..,09/30 05:00 PM,ETA:ON HOLD - Waiting for plant date to ..,4d 0m,4d 0m,09/17/2026 06:21 PM,,,,2026-09-17,96.0,True,False,Unknown,2026-09-24T05:41:07.310166+00:00
TPS-AD-101-10927463,BUYER: Jams W W,1d 3h 11m,TPS-AD-,Ground,TELSIX,Two Owner,,0,LA,Rapides,Alexandria,,Search,Available,ETA accepted by KondaveniP_FAI on 9/17/2..,09/24 05:00 PM,ETA: Order has been assigned to the abst..,5d 0m,5d 0m,09/16/2026 05:05 PM,,,,2026-09-16,120.0,True,False,Unknown,2026-09-24T05:41:07.310166+00:00
TPS-AD-101-10927767,BUYER: Marissa,1d 3h 11m,TPS-AD-,Ground,TELSIX,Full Title,ShashankR_ADSSearchType,0,NJ,Essex,Newark,,TypingModule,Task Suspended,[Int] - TV Auto Logout - User session ti..,09/24 05:00 PM,ETA: Order has been assigned to the abst..,4d 5h 26m,0m,09/17/2026 11:33 AM,,,,2026-09-17,101.43,False,True,Unknown,2026-09-24T05:41:07.310166+00:00
TPS-AD-101-10927929,BUYER: COREY BO,1d 3h 11m,TPS-AD-,Ground,TELSIX,Full Title,,0,NJ,Cape May,Villas,,Search,Available,ETA accepted by KondaveniP_FAI on 9/21/2..,09/24 05:00 PM,ETA: Order has been assigned to the abst..,4d 2h 21m,4d 2h 21m,09/17/2026 02:38 PM,,,,2026-09-17,98.35,True,False,Unknown,2026-09-24T05:41:07.310166+00:00
TPS-AD-76393752,Cody Fetters;,1d 3h 11m,TPS-AD-,Ground,TSO,24 Month Curre..,KishoreK_ADSSearchType,0,MT,Glacier,Cut Bank,38-4529-12-3-14-08-0000,Search,Task Suspended,Continue - Approved,09/24 05:00 PM,ETA: Order has been assigned to the abst..,4d 0m,4d 0m,09/17/2026 05:17 PM,,,,2026-09-17,96.0,False,True,Unknown,2026-09-24T05:41:07.310166+00:00
TPS-AD-101-10928265,BUYER: LAKEITA,1d 3h 11m,TPS-AD-,Ground,VYLLAMMP,Current Owner,,0,MS,Washington,Greenville,,Search,Available,Continue - Approved,09/24 05:00 PM,ETA: Order has been assigned to the abst..,4d 0m,4d 0m,09/17/2026 06:02 PM,,,,2026-09-17,96.0,True,False,Unknown,2026-09-24T05:41:07.310166+00:00
TPS-AD-76393907,Lamont Stevens,1d 3h 11m,TPS-AD-,Ground,TSO,24 Month Curre..,,0,MT,Sheridan,Plentywood,0394800,Search,Available,Continue - Approved,09/24 05:00 PM,ETA: Order has been assigned to the abst..,4d 0m,4d 0m,09/17/2026 06:02 PM,,,,2026-09-17,96.0,True,False,Unknown,2026-09-24T05:41:07.310166+00:00
TPS-AD-AHM-447185,borrower: Leath,1d 3h 11m,TPS-AD-,Ground,DOMA,Current Owner,VayalpetaT_ADSP2,0,MS,Bolivar,Cleveland,,TypingModule,In Progress,Continue - please proceed,09/24 05:00 PM,ETA: Order has been assigned to the abst..,4d 0m,0m,09/17/2026 06:46 PM,,,,2026-09-17,96.0,False,False,Unknown,2026-09-24T05:41:07.310166+00:00
TPS-AD-101-10928402,BUYER: ANGELA M,1d 3h 11m,TPS-AD-,Ground,VYLLAMMP,Current Owner,,0,MO,Ripley,Fairdealing,,Search,Available,ETA accepted by KondaveniP_FAI on 9/21/2..,09/24 05:00 PM,ETA: Order has been assigned to the abst..,4d 0m,4d 0m,09/17/2026 08:32 PM,,,,2026-09-17,96.0,True,False,Unknown,2026-09-24T05:41:07.310166+00:00
TPS-AD-AZ-2608-0457,borrower: Craig,1d 4h 30m,TPS-AD-,Online,LANDSEA,Home Builder U..,,0,AZ,Maricopa,Gilbert,,Search,Available,[Int] - TV Auto Suspend,,,6h 39m,6h 38m,09/23/2026 10:20 AM,,,AZ-2608-0457,2026-09-23,6.65,True,False,Unknown,2026-09-24T05:41:07.310166+00:00
TPS-AD-101-10928406,BUYER: TAMEKA D,1d 3h 11m,TPS-AD-,Ground,VYLLAMMP,Current Owner,,0,MS,Hinds,Jackson,,Search,Available,ETA accepted by KondaveniP_FAI on 9/21/2..,09/24 05:00 PM,ETA: Order has been assigned to the abst..,4d 0m,4d 0m,09/17/2026 08:42 PM,,,,2026-09-17,96.0,True,False,Unknown,2026-09-24T05:41:07.310166+00:00
TPS-AD-76394725,Amanda Pioche;,PAUSED,TPS-AD-,Ground,TSO,Extended Updat..,,0,SD,Pennington,New Underwood,0007059010,Search,Workflow Suspended,[Ext] - [cascade from 17751958] Waiting ..,09/24 05:00 PM,ETA: Order has been assigned to the abst..,4d 0m,4d 0m,09/17/2026 10:04 PM,,,,2026-09-17,96.0,False,True,Unknown,2026-09-24T05:41:07.310166+00:00
TPS-AD-8458937,Wesbanco,1d 3h 11m,TPS-AD-,Online,INFOTRACK,Full Title,PriyankaK_ADSSearchType,0,IN,Crawford,Marengo,,TypingModule,In Progress,“No THR (Transaction History Report) is ..,,,2d 0m,0m,09/21/2026 05:07 PM,,,,2026-09-21,48.0,False,False,Unknown,2026-09-24T05:41:07.310166+00:00
TPS-AD-101-10929953,BUYER: JENNA KW,1d 3h 11m,TPS-AD-,Online,TELSIX,Two Owner,KamaleshK_ADSSearchType,0,IL,Marion,Centralia,,Search,Workflow Suspended,"Cannot Complete Order - Hello, We are u..",,,1d 0m,1d 0m,09/22/2026 05:25 PM,,,,2026-09-22,24.0,False,True,Unknown,2026-09-24T05:41:07.310166+00:00
TPS-AD-101-10930028,BUYER: REI FOGG,1d 3h 11m,TPS-AD-,Online,TELSIX,Two Owner,SoniyaD_ADSSearchType,0,NH,Cheshire,Jaffrey,,Search,Task Suspended,[Int] - TV Auto Suspend - TV Auto-Suspen..,,,1d 0m,1d 0m,09/22/2026 06:35 PM,,,,2026-09-22,24.0,False,True,Unknown,2026-09-24T05:41:07.310166+00:00
TPS-AD-101-10930065,BUYER: Etta Kin,1d 3h 11m,TPS-AD-,Online,TELSIX,Preliminary Re..,SreedharM_ADSSearchType,0,MD,Prince Georges,Upper Marlboro,,AESearch,Task Suspended,"Cannot Complete Order - Hello, 1. This ..",,,1d 0m,1d 0m,09/22/2026 08:14 PM,,,,2026-09-22,24.0,False,True,Unknown,2026-09-24T05:41:07.310166+00:00
TPS-AD-101-10930079,BUYER: Paul Law,1d 3h 11m,TPS-AD-,Online,TELSIX,Preliminary Re..,ManjushreeH_ADSSearchType,0,MD,Charles,Bryans Road,,AESearch,In Progress,[Int] - TV Auto Suspend - TV Auto-Suspen..,,,1d 0m,1d 0m,09/23/2026 08:31 AM,,,,2026-09-23,24.0,False,False,Unknown,2026-09-24T05:41:07.310166+00:00
TPS-AD-101-10927309,BUYER: DONOVAN,1d 3h 17m,TPS-AD-,Online,TELSIX,Full Title,RoopaB_ADSSearchType,0,GA,Carroll,Villa Rica,,TypingModule,In Progress,"Continue - Not approved, team is require..",,,1d 1h 45m,0m,09/22/2026 03:14 PM,,,,2026-09-22,25.75,False,False,Unknown,2026-09-24T05:41:07.310166+00:00
TPS-AD-3675532/HECL/1018,MARY ANN HICKMA,1d 3h 22m,TPS-AD-,Online,ZION,Current Owner,,0,NV,Clark,LAS VEGAS,,Search,Available,,,,3h 47m,3h 32m,09/23/2026 01:12 PM,,,,2026-09-23,3.78,True,False,Unknown,2026-09-24T05:41:07.310166+00:00
TPS-AD-923693293,BORROWER: TOOR,1d 3h 23m,TPS-AD-,Online,DATATREE,Legal & Vestin..,,0,CA,Contra Costa,SAN PABLO,412-102-015,Search,Available,Continue - Title vested in Gurdayal S. T..,,,1h 47m,1h 46m,09/23/2026 03:12 PM,,,,2026-09-23,1.78,True,False,Unknown,2026-09-24T05:41:07.310166+00:00
TPS-AD-101-10890147,** Multiple typ,1d 3h 27m,TPS-AD-,Ground,TELSIX,Attorney Appro..,,0,LA,St. Landry,Opelousas,,Search,Available,ETA added by jenniferl on 9/23/2026 12:..,09/24 05:00 PM,ETA: Order has been assigned to the abst..,3d 7h 42m,3d 7h 42m,09/18/2026 09:17 AM,,,,2026-09-18,79.7,True,False,Unknown,2026-09-24T05:41:07.310166+00:00
TPS-AD-101-10930150,BUYER: Randolph,1d 3h 27m,TPS-AD-,Online,TELSIX,Two Owner,VijayR_ADSSearchType,0,MD,Prince Georges,Upper Marlboro,,Search,In Progress,[Int] - TV Auto Suspend,,,7h 42m,7h 40m,09/23/2026 09:17 AM,,,,2026-09-23,7.7,False,False,Unknown,2026-09-24T05:41:07.310166+00:00
TPS-AD-101-10930288,BUYER: COREY AM,1d 3h 27m,TPS-AD-,Online,VYLLAMMP,Current Owner,,0,AR,Saline,Benton,,Search,Available,[Int] - TV Auto Suspend,,,3h 29m,3h 28m,09/23/2026 01:30 PM,,,,2026-09-23,3.48,True,False,Unknown,2026-09-24T05:41:07.310166+00:00
TPS-AD-101-10885913,CHARLES CHAMBLE,1d 3h 28m,TPS-AD-,Online,TELSIX,Update w/ Requ..,,0,AL,Blount,CLEVELAND,1407360000026010 063856,UpdateSearch,Available,Client : OPN : 101-10930198,,,3h 41m,3h 39m,09/23/2026 01:18 PM,,,101-10930198,2026-09-23,3.68,True,False,Unknown,2026-09-24T05:41:07.310166+00:00
TPS-AD-101-10708916,BUYER: James Wa,1d 3h 31m,TPS-AD-,Online,TELSIX,Update Full Ti..,,0,MA,Essex,Peabody,,UpdateSearch,Available,Client : OPN : 101-10818517,,,3h 38m,3h 38m,09/23/2026 01:21 PM,,,101-10818517,2026-09-23,3.63,True,False,Unknown,2026-09-24T05:41:07.310166+00:00
TPS-AD-P1544030,BORROWER: JENNI,1d 3h 33m,TPS-AD-,Online,SIRCOF,Legal & Vestin..,BhuvanaG_ADSSearchType,0,CT,New London,Baltic,,Search,Task Suspended,[Int] - TV Auto Suspend - TV Auto-Suspen..,,,1h 37m,1h 37m,09/23/2026 03:22 PM,,,,2026-09-23,1.62,False,True,Unknown,2026-09-24T05:41:07.310166+00:00
TPS-AD-101-10930151,BUYER: Peter La,1d 3h 33m,TPS-AD-,Online,TELSIX,Two Owner,,0,NY,Suffolk,East Moriches,,Search,Available,Sending attachment [101-10930151_RWreque..,,,7h 36m,7h 36m,09/23/2026 09:23 AM,,,,2026-09-23,7.6,True,False,Unknown,2026-09-24T05:41:07.310166+00:00
TPS-AD-Mull- 1114 Sherwood Ave,Mychelle Cunnin,1d 3h 37m,TPS-AD-,Online,FUNA056A,Update Current..,,0,MD,Baltimore City,Baltimore,,UpdateSearch,Available,[Int] - TV Auto Suspend,,,3h 32m,3h 28m,09/23/2026 01:27 PM,,,,2026-09-23,3.53,True,False,Unknown,2026-09-24T05:41:07.310166+00:00
TPS-AD-923705134,BORROWER: TOOR,1d 3h 39m,TPS-AD-,Online,DATATREE,Legal & Vestin..,SanthoshK_ADSSearchType,0,CA,Contra Costa,SAN PABLO,412-102-015,Search,Task Suspended,[Ext] - Duplicate Order,,,1h 31m,1h 30m,09/23/2026 03:28 PM,,,,2026-09-23,1.52,False,True,Unknown,2026-09-24T05:41:07.310166+00:00
TPS-AD-101-10928123,BUYER: ELVA REG,1d 3h 39m,TPS-AD-,Ground,TELSIX,Two Owner,,0,NJ,Burlington,Maple Shade,,Search,Available,ETA accepted by KondaveniP_FAI on 9/21/2..,09/24 05:00 PM,ETA: Order has been assigned to the abst..,4d 21m,4d 21m,09/17/2026 04:38 PM,,,,2026-09-17,96.35,True,False,Unknown,2026-09-24T05:41:07.310166+00:00
TPS-AD-CH-447417,borrower: Vicki,1d 3h 40m,TPS-AD-,Online,DOMA,Current Owner,Vijayashree_ADSSearchType,0,IN,Johnson,Franklin,,TypingModule,In Progress,[Int] - TV Auto Suspend,,,3h 29m,0m,09/23/2026 01:30 PM,,,,2026-09-23,3.48,False,False,Unknown,2026-09-24T05:41:07.310166+00:00
TPS-AD-P1543972,BORROWER: Wayne,1d 3h 48m,TPS-AD-,Online,SIRCGB,Current Owner,,0,CT,Hartford,Manchester,,Search,Available,Continue - IR: 1. Please show book 4773/..,,,3h 21m,3h 21m,09/23/2026 01:38 PM,,,,2026-09-23,3.35,True,False,Unknown,2026-09-24T05:41:07.310166+00:00
TPS-AD-P1544035,BORROWER: Willi,1d 3h 54m,TPS-AD-,Online,SIRCOF,Legal & Vestin..,VenkateshP_ADSSearchType,0,CT,Windham,Windham,,Search,Workflow Suspended,"Cannot Complete Order - Hello, This is t..",,,1h 16m,1h 16m,09/23/2026 03:43 PM,,,,2026-09-23,1.27,False,True,Unknown,2026-09-24T05:41:07.310166+00:00
TPS-AD-101-10930312,BUYER: CECIL J,1d 4h 3m,TPS-AD-,Online,VYLLAMMP,Current Owner,KamaleshK_ADSSearchType,0,WI,Milwaukee,Milwaukee,,Search,Workflow Suspended,"Cannot Complete Order - Hello, For the ..",,,3h 6m,3h 6m,09/23/2026 01:53 PM,,,,2026-09-23,3.1,False,True,Unknown,2026-09-24T05:41:07.310166+00:00
TPS-AD-AZ-2608-0447,borrower: Gabri,1d 4h 15m,TPS-AD-,Online,LANDSEA,Home Builder U..,,0,AZ,Maricopa,Goodyear,,Search,Available,[Int] - TV Auto Suspend,,,6h 55m,6h 52m,09/23/2026 10:04 AM,,,AZ-2608-0447,2026-09-23,6.92,True,False,Unknown,2026-09-24T05:41:07.310166+00:00
TPS-AD-101-10930324,BUYER: ANDREW H,1d 4h 18m,TPS-AD-,Online,VYLLAMMP,Current Owner,BaburawWade_ADSSearchType,0,SC,Spartanburg,Spartanburg,,TypingModule,Task Suspended,[Int] - TV Auto Logout - User session ti..,,,2h 25m,0m,09/23/2026 02:34 PM,,,,2026-09-23,2.42,False,True,Unknown,2026-09-24T05:41:07.310166+00:00
TPS-AD-AZ-2608-0486,borrower: Thoma,1d 4h 21m,TPS-AD-,Online,LANDSEA,Home Builder U..,,0,AZ,Maricopa,Goodyear,,Search,Available,[Int] - TV Auto Suspend,,,6h 48m,6h 46m,09/23/2026 10:11 AM,,,AZ-2608-0486,2026-09-23,6.8,True,False,Unknown,2026-09-24T05:41:07.310166+00:00
TPS-AD-101-10159294-2,BUYER: Ridgeway,1d 4h 23m,TPS-AD-,Online,TELSIX,Update w/ Requ..,,0,NJ,Union,Hillside,,UpdateSearch,Available,"Client: Effective Date: August 15, 2026",,,2h 46m,2h 46m,09/23/2026 02:13 PM,,,,2026-09-23,2.77,True,False,Unknown,2026-09-24T05:41:07.310166+00:00
TPS-AD-AZ-2608-0493,borrower: Arell,1d 4h 27m,TPS-AD-,Online,LANDSEA,Home Builder U..,,0,AZ,Maricopa,Goodyear,,Search,Available,[Int] - TV Auto Suspend,,,6h 43m,6h 41m,09/23/2026 10:16 AM,,,AZ-2608-0493,2026-09-23,6.72,True,False,Unknown,2026-09-24T05:41:07.310166+00:00
TPS-AD-AZ-2608-0502,borrower: Ebony,1d 4h 28m,TPS-AD-,Online,LANDSEA,Home Builder U..,,0,AZ,Pinal,Maricopa,,Search,Available,[Int] - TV Auto Suspend,,,6h 42m,6h 41m,09/23/2026 10:17 AM,,,AZ-2608-0502,2026-09-23,6.7,True,False,Unknown,2026-09-24T05:41:07.310166+00:00
TPS-AD-AZ-2608-0496,borrower: Johna,1d 4h 28m,TPS-AD-,Online,LANDSEA,Home Builder U..,,0,AZ,Pinal,San Tan Valley,,Search,Available,[Int] - TV Auto Suspend,,,6h 41m,6h 40m,09/23/2026 10:18 AM,,,AZ-2608-0496,2026-09-23,6.68,True,False,Unknown,2026-09-24T05:41:07.310166+00:00
TPS-AD-AZ-2608-0477,borrower: Evan,1d 4h 30m,TPS-AD-,Online,LANDSEA,Home Builder U..,,0,AZ,Pinal,San Tan Valley,,Search,Available,[Int] - TV Auto Suspend,,,6h 39m,6h 39m,09/23/2026 10:20 AM,,,AZ-2608-0477,2026-09-23,6.65,True,False,Unknown,2026-09-24T05:41:07.310166+00:00
TPS-AD-101-10928524,BUYER: Kenneth,1d 4h 30m,TPS-AD-,Ground,TELSIX,Full Title,AnushreeU_ADSSearchType,0,OH,Mahoning,Youngstown,,Search,Task Suspended,ETA accepted by KondaveniP_FAI on 9/21/2..,09/24 05:00 PM,ETA: Order has been assigned to the abst..,3d 6h 39m,3d 6h 39m,09/18/2026 10:20 AM,,,,2026-09-18,78.65,False,True,Unknown,2026-09-24T05:41:07.310166+00:00
TPS-AD-101-10901296,BUYER: Aster Ma,1d 4h 42m,TPS-AD-,Online,TELSIX,Update w/ Requ..,,0,KY,Pike,Pikeville,,UpdateSearch,Available,Client: Comment: Please provide Title Up..,,,2h 27m,2h 27m,09/23/2026 02:32 PM,,,,2026-09-23,2.45,True,False,Unknown,2026-09-24T05:41:07.310166+00:00
TPS-AD-101-10927303,BUYER: CHANTRIC,1d 4h 43m,TPS-AD-,Ground,TELSIX,Full Title,,0,GA,DeKalb,Decatur,,Search,Available,Continue - Proceed as found and note cha..,09/24 05:00 PM,ETA: Order has been assigned to the abst..,5d 3h 53m,5d 3h 53m,09/16/2026 01:06 PM,,,,2026-09-16,123.88,True,False,Unknown,2026-09-24T05:41:07.310166+00:00
TPS-AD-923758038,BORROWER: MATTH,1d 4h 46m,TPS-AD-,Online,DATATREE,Legal & Vestin..,,0,WI,Buffalo,COCHRANE,206-00645-0000,Search,Available,[Int] - TV Auto Suspend,,,25m,24m,09/23/2026 04:34 PM,,,,2026-09-23,0.42,True,False,Unknown,2026-09-24T05:41:07.310166+00:00
TPS-AD-923759647,BORROWER: GEORG,1d 4h 48m,TPS-AD-,Online,DATATREE,Legal & Vestin..,SanthoshK_ADSSearchType,0,AL,Calhoun,PIEDMONT,08-02-04-0-000-009.000,Search,Workflow Suspended,Cannot Complete Order - The Recorder sit..,,,22m,22m,09/23/2026 04:37 PM,,,,2026-09-23,0.37,False,True,Unknown,2026-09-24T05:41:07.310166+00:00
TPS-AD-HLF-293190,Eventino Arredo,1d 5h 7m,TPS-AD-,Online,SUMMIT,Update Prelimi..,ANILG_ADSSearchType,0,TX,Brazoria,Pearland,,UpdateSearch,Workflow Suspended,"Cannot Complete Order - Hello, As per ..",,,2h 2m,2h 1m,09/23/2026 02:57 PM,,,,2026-09-23,2.03,False,True,Unknown,2026-09-24T05:41:07.310166+00:00
TPS-AD-2631,"Practice Scale,",1d 5h 10m,TPS-AD-,Online,,Update Full Ti..,,0,FL,Osceola,Kissimmee,,UpdateSearch,Available,[Int] - TV Auto Suspend,,,1h 59m,1h 54m,09/23/2026 03:00 PM,,,,2026-09-23,1.98,True,False,Unknown,2026-09-24T05:41:07.310166+00:00
TPS-AD-76408001,Wendell Thomps,1d 5h 11m,TPS-AD-,Online,TSO,Extended Updat..,,0,AL,Calhoun,Jacksonville,12-06-23-4-002-004.000,Search,Available,[Int] - TV Auto Suspend,,,0m,0m,09/23/2026 05:49 PM,,,,2026-09-23,0.0,True,False,Unknown,2026-09-24T05:41:07.310166+00:00
TPS-AD-76408207,John Gillis;,1d 5h 11m,TPS-AD-,Online,TSO,Extended Updat..,JagadeeshG_ADSSearchType,0,ME,Kennebec,Winthrop,050-001,Search,In Progress,[Int] - TV Auto Suspend,,,0m,0m,09/23/2026 06:19 PM,,,,2026-09-23,0.0,False,False,Unknown,2026-09-24T05:41:07.310166+00:00
TPS-AD-101-10930612,BUYER: Ryan Wel,1d 5h 11m,TPS-AD-,Online,TELSIX,Preliminary Re..,,0,MI,Lake,Irons,,AESearch,Available,[Int] - TV Auto Suspend,,,0m,0m,09/23/2026 11:25 PM,,,,2026-09-23,0.0,True,False,Unknown,2026-09-24T05:41:07.310166+00:00
TPS-AD-AZ-2608-0494,borrower: Sean,1d 5h 21m,TPS-AD-,Online,LANDSEA,Home Builder U..,,0,AZ,Pinal,Queen Creek,,Search,Available,[Int] - TV Auto Suspend,,,5h 48m,5h 47m,09/23/2026 11:11 AM,,,AZ-2608-0494,2026-09-23,5.8,True,False,Unknown,2026-09-24T05:41:07.310166+00:00
TPS-AD-AZ-2608-0491,borrower: Alexa,1d 5h 23m,TPS-AD-,Online,LANDSEA,Home Builder U..,,0,AZ,Maricopa,Surprise,,Search,Available,[Int] - TV Auto Suspend,,,5h 47m,5h 44m,09/23/2026 11:12 AM,,,AZ-2608-0491,2026-09-23,5.78,True,False,Unknown,2026-09-24T05:41:07.310166+00:00
TPS-AD-101-10930191,BUYER: OTIS JAM,1d 5h 23m,TPS-AD-,Online,VYLLAMMP,Current Owner,KishoreK_ADSSearchType,0,GA,Burke,Hephzibah,,Search,Task Suspended,"Cannot Complete Order - Hello, The giv..",,,5h 46m,5h 43m,09/23/2026 11:13 AM,,,,2026-09-23,5.77,False,True,Unknown,2026-09-24T05:41:07.310166+00:00
TPS-AD-101-10927237,BUYER: Nathanie,1d 5h 30m,TPS-AD-,Ground,TELSIX,Full Title,,0,GA,Dougherty,Albany,,Search,Available,ETA accepted by KondaveniP_FAI on 9/21/2..,09/24 05:00 PM,ETA: Order has been assigned to the abst..,5d 5h 32m,5d 5h 32m,09/16/2026 11:27 AM,,,,2026-09-16,125.53,True,False,Unknown,2026-09-24T05:41:07.310166+00:00
TPS-AD-923702506,BORROWER: LIFEP,1d 5h 31m,TPS-AD-,Online,DATATREE,Current Owner,KishoreK_ADSSearchType,0,MD,Baltimore,REISTERSTOWN,04-0402057850,Search,Task Suspended,[Int] - TV Auto Suspend - TV Auto-Suspen..,,,1h 38m,1h 38m,09/23/2026 03:21 PM,,,,2026-09-23,1.63,False,True,Unknown,2026-09-24T05:41:07.310166+00:00
TPS-AD-26019235IL,21st Mortgage C,1d 5h 31m,TPS-AD-,Online,ADVOCUS,Full Title,,0,IL,Jackson,Ava,"02-25-406-007, 02-25-406-",Search,Available,[Int] - TV Auto Suspend,,,2h 21m,2h 20m,09/23/2026 02:38 PM,,,,2026-09-23,2.35,True,False,Unknown,2026-09-24T05:41:07.310166+00:00
TPS-AD-141821-00015A,,1d 5h 34m,TPS-AD-,Online,RVNY,Full Title,AnushreeU_ADSSearchType,0,MD,Garrett,Accident,,Search,Workflow Suspended,"Cannot Complete Order - Hello, This is ..",,,1d 3h 14m,1d 3h 13m,09/22/2026 01:45 PM,,,,2026-09-22,27.23,False,True,Unknown,2026-09-24T05:41:07.310166+00:00
TPS-AD-141821-00015B,,1d 5h 34m,TPS-AD-,Online,RVNY,Full Title,AbhilashC_ADSSearchType,0,MD,Garrett,McHenry,,Search,Workflow Suspended,Cannot Complete Order - Hello Subject p..,,,1d 3h 13m,1d 3h 12m,09/22/2026 01:46 PM,,,,2026-09-22,27.22,False,True,Unknown,2026-09-24T05:41:07.310166+00:00
TPS-AD-101-10930202,BUYER: WALLACE,1d 5h 36m,TPS-AD-,Online,VYLLAMMP,Current Owner,SabarishChinnannan_ADSp2,0,GA,Cherokee,Acworth,,TypingModule,Task Suspended,[Int] - TV Auto Suspend - TV Auto-Suspen..,,,5h 33m,4h 39m,09/23/2026 11:26 AM,,,,2026-09-23,5.55,False,True,Unknown,2026-09-24T05:41:07.310166+00:00
TPS-AD-520-1179380,Unknown Unknown,1d 5h 38m,TPS-AD-,Online,LLSS,Update REO Ful..,,0,IL,Montgomery,Coffeen,,UpdateSearch,Available,Client: Special Instructions: Please up..,,,1h 31m,1h 30m,09/23/2026 03:28 PM,,,520-1231600,2026-09-23,1.52,True,False,Unknown,2026-09-24T05:41:07.310166+00:00
TPS-AD-26013220IL,Owner: Estate o,1d 5h 38m,TPS-AD-,Online,ADVOCUS,Update Current..,,0,IL,Livingston,Odell,10-10-10-160-042,UpdateSearch,Available,[Int] - TV Auto Suspend,,,1h 31m,1h 30m,09/23/2026 03:28 PM,,,,2026-09-23,1.52,True,False,Unknown,2026-09-24T05:41:07.310166+00:00
TPS-AD-101-10930220,BUYER: Mina Par,1d 5h 56m,TPS-AD-,Online,TELSIX,Two Owner,,0,NY,Nassau,Bethpage,,Search,Available,Sending attachment [101-10930220_RWreque..,,,5h 13m,5h 13m,09/23/2026 11:46 AM,,,,2026-09-23,5.22,True,False,Unknown,2026-09-24T05:41:07.310166+00:00
TPS-AD-101-10928136,BUYER: ESTATE O,1d 5h 58m,TPS-AD-,Ground,TELSIX,Two Owner,,0,NJ,Essex,Irvington,,Search,Available,ETA accepted by KondaveniP_FAI on 9/21/2..,09/24 05:00 PM,ETA: Order has been assigned to the abst..,4d 10m,4d 10m,09/17/2026 04:49 PM,,,,2026-09-17,96.17,True,False,Unknown,2026-09-24T05:41:07.310166+00:00
TPS-AD-101-10911204,MICHAEL POLING,1d 6h 2m,TPS-AD-,Online,TELSIX,Update Full Ti..,,0,OH,Miami,PIQUA,_,UpdateSearch,Available,[Int] - TV Auto Suspend,,,1h 7m,1h 6m,09/23/2026 03:52 PM,,,,2026-09-23,1.12,True,False,Unknown,2026-09-24T05:41:07.310166+00:00
TPS-AD-101-10929676,BUYER: David W,1d 6h 2m,TPS-AD-,Online,TELSIX,Full Title,RoopaB_ADSSearchType,0,LA,Orleans,New Orleans,,TypingModule,Task Suspended,[Int] - TV Auto Suspend - TV Auto-Suspen..,,,1d 5h 7m,0m,09/22/2026 11:52 AM,,,,2026-09-22,29.12,False,True,Unknown,2026-09-24T05:41:07.310166+00:00
TPS-AD-101-10909479,BUYER: CHARMAIN,1d 6h 12m,TPS-AD-,Online,TELSIX,Update Two Own..,,0,NY,Westchester,White Plains,,UpdateSearch,Available,[Int] - TV Auto Suspend,,,57m,57m,09/23/2026 04:02 PM,,,,2026-09-23,0.95,True,False,Unknown,2026-09-24T05:41:07.310166+00:00
TPS-AD-CH-447436,borrower: DANIE,1d 6h 17m,TPS-AD-,Online,DOMA,Current Owner,,0,CO,La Plata,Bayfield,,Search,Available,[Int] - TV Auto Suspend,,,52m,51m,09/23/2026 04:07 PM,,,,2026-09-23,0.87,True,False,Unknown,2026-09-24T05:41:07.310166+00:00
TPS-AD-101-10930248,BUYER: Kacy L M,1d 6h 30m,TPS-AD-,Online,TELSIX,Two Owner,,0,MD,Carroll,Manchester,,Search,Available,[Int],,,4h 39m,4h 38m,09/23/2026 12:20 PM,,,,2026-09-23,4.65,True,False,Unknown,2026-09-24T05:41:07.310166+00:00
TPS-AD-P1544067,BORROWER: Mauri,1d 6h 31m,TPS-AD-,Online,SIRAEFCU,Current Owner,,0,CT,Tolland,Ellington,,Search,Available,[Int] - TV Auto Suspend,,,33m,32m,09/23/2026 04:26 PM,,,,2026-09-23,0.55,True,False,Unknown,2026-09-24T05:41:07.310166+00:00
TPS-AD-P1544071,BORROWER: Willi,1d 6h 34m,TPS-AD-,Online,SIRAVNSFCU,Current Owner,VenkateshP_ADSSearchType,0,CT,New Haven,Milford,,Search,Task Suspended,[Int] - TV Auto Suspend - TV Auto-Suspen..,,,35m,35m,09/23/2026 04:24 PM,,,,2026-09-23,0.58,False,True,Unknown,2026-09-24T05:41:07.310166+00:00
TPS-AD-P1544075,BORROWER: Jeffr,1d 6h 36m,TPS-AD-,Online,SIRAVNSFCU,Current Owner,,0,CT,New Haven,Oxford,,Search,Available,[Int] - TV Auto Suspend,,,33m,33m,09/23/2026 04:26 PM,,,,2026-09-23,0.55,True,False,Unknown,2026-09-24T05:41:07.310166+00:00
TPS-AD-P1544079,BORROWER: Tamar,1d 6h 39m,TPS-AD-,Online,SIRAVNSFCU,Current Owner,,0,CT,New Haven,Southbury,,Search,Available,[Int] - TV Auto Suspend,,,30m,30m,09/23/2026 04:29 PM,,,,2026-09-23,0.5,True,False,Unknown,2026-09-24T05:41:07.310166+00:00
TPS-AD-88303-520228,SEAN C CHAPMAN,1d 6h 43m,TPS-AD-,Ground,SIW,Update Two Own..,KishoreK_ADSSearchType,0,VA,Prince Edward,FARMVILLE,TAX MAP ID NO. 037A 5 73,UpdateSearch,Workflow Suspended,ETA accepted by KondaveniP_FAI on 9/21/2..,09/24 05:00 PM,ETA: Order has been assigned to the abst..,3d 4h 26m,3d 4h 26m,09/18/2026 12:33 PM,,,88303-577497,2026-09-18,76.43,False,True,Unknown,2026-09-24T05:41:07.310166+00:00
TPS-AD-P1544084,BORROWER: Kevin,1d 6h 44m,TPS-AD-,Online,SIRAVNTHSB,Current Owner,DeepikaL_ADSSearchType,0,CT,Middlesex,Clinton,,TypingModule,In Progress,[Int] - TV Auto Logout - User Logged off..,,,25m,0m,09/23/2026 04:34 PM,,,,2026-09-23,0.42,False,False,Unknown,2026-09-24T05:41:07.310166+00:00
TPS-AD-P1544090,BORROWER: Erinn,1d 6h 48m,TPS-AD-,Online,SIRAVNNWCB,Current Owner,,0,CT,Litchfield,Barkhamsted,,Search,Available,[Int] - TV Auto Suspend,,,21m,21m,09/23/2026 04:38 PM,,,,2026-09-23,0.35,True,False,Unknown,2026-09-24T05:41:07.310166+00:00
TPS-AD-P1544091,BORROWER: Ede-J,1d 6h 49m,TPS-AD-,Online,SIRAVNSFCU,Current Owner,,0,CT,New Haven,Waterbury,,Search,Available,[Int] - TV Auto Suspend,,,20m,20m,09/23/2026 04:39 PM,,,,2026-09-23,0.33,True,False,Unknown,2026-09-24T05:41:07.310166+00:00
TPS-AD-101-10855361,ESTATE OF CORNE,1d 6h 53m,TPS-AD-,Online,TELSIX,Update w/ Requ..,,0,NJ,Monmouth,TINTON FALLS,,UpdateSearch,Available,Client : Effective date 9/3/26,,,16m,16m,09/23/2026 04:43 PM,,,,2026-09-23,0.27,True,False,Unknown,2026-09-24T05:41:07.310166+00:00
TPS-AD-101-10930272,BUYER: JOWANNA,1d 7h 8m,TPS-AD-,Online,VYLLAMMP,Current Owner,,0,LA,Orleans,New Orleans,,Search,Available,[Int] - TV Auto Suspend,,,4h 1m,4h 1m,09/23/2026 12:58 PM,,,,2026-09-23,4.02,True,False,Unknown,2026-09-24T05:41:07.310166+00:00
TPS-AD-CH-447451,borrower: VANCE,1d 7h 11m,TPS-AD-,Online,DOMA,Current Owner,,0,IN,Hamilton,Arcadia,,Search,Available,[Int] - TV Auto Suspend,,,0m,0m,09/23/2026 06:01 PM,,,,2026-09-23,0.0,True,False,Unknown,2026-09-24T05:41:07.310166+00:00
TPS-AD-WF-447458,borrower: Raul,1d 7h 11m,TPS-AD-,Online,DOMA,Current Owner,,0,AZ,Maricopa,Phoenix,,Search,Available,[Int] - TV Auto Suspend,,,0m,0m,09/23/2026 09:17 PM,,,,2026-09-23,0.0,True,False,Unknown,2026-09-24T05:41:07.310166+00:00
TPS-AD-CH-447459,borrower: PAUL,1d 7h 11m,TPS-AD-,Online,DOMA,Current Owner,,0,MI,Grand Traverse,Traverse City,,Search,Available,[Int] - TV Auto Suspend,,,0m,0m,09/23/2026 11:13 PM,,,,2026-09-23,0.0,True,False,Unknown,2026-09-24T05:41:07.310166+00:00
TPS-AD-8458497,Wesbanco,09/25 02:04 AM,TPS-AD-,Online,INFOTRACK,Full Title,MahaboobBa_ADSSearchType,0,IN,Dearborn,Greendale,,Search,Task Suspended,[Int] - TV Auto Suspend - TV Auto-Suspen..,09/25 01:00 PM,ON HOLD - Awaiting response to fee appro..,2d 9m,2d 7m,09/21/2026 04:50 PM,,,,2026-09-21,48.15,False,True,Unknown,2026-09-24T05:41:07.310166+00:00
TPS-AD-101-10927507,BUYER: Laura Je,09/25 09:02 AM,TPS-AD-,Ground,TELSIX,Full Title,MahaboobBa_ADSSearchType,0,NJ,Essex,Newark,,Search,In Progress,ETA accepted by KondaveniP_FAI on 9/21/2..,09/25 05:00 PM,ETA: Order has been assigned to the abst..,3d 4h 0m,3d 3h 59m,09/18/2026 12:59 PM,,,,2026-09-18,76.0,False,False,Unknown,2026-09-24T05:41:07.310166+00:00
TPS-AD-14-26-06005,BORROWER: Amand,09/25 09:06 AM,TPS-AD-,Online,CODILIS,Full Title,SuriyakumarS_ADSSearchType,0,IL,Saline,Carrier Mills,,Search,Workflow Suspended,"Hello, 1.We are unable to locate prior..",,,1d 3h 52m,1d 3h 52m,09/22/2026 01:07 PM,,,,2026-09-22,27.87,False,True,Unknown,2026-09-24T05:41:07.310166+00:00
TPS-AD-637350,Buyer: OPENDOOR,09/25 09:19 AM,TPS-AD-,Online,OSN,Full Title,,0,CO,Arapahoe,Aurora,,Search,Available,Prior policy provided to partner via ema..,,,1d 1h 24m,1d 1h 23m,09/22/2026 03:35 PM,,,,2026-09-22,25.4,True,False,Unknown,2026-09-24T05:41:07.310166+00:00
TPS-AD-LV-NV-26903497FS,Mountain Falls,09/25 09:28 AM,TPS-AD-,Online,CMT,Home Builder L..,,0,NV,Nye,Pahrump,046-103-02,Search,Available,[Int] - TV Auto Suspend,,,0m,0m,09/23/2026 05:04 PM,,,,2026-09-23,0.0,True,False,Unknown,2026-09-24T05:41:07.310166+00:00
TPS-AD-101-10930256,BUYER: Henry Br,09/25 09:41 AM,TPS-AD-,Online,TELSIX,Preliminary Re..,,0,MD,Montgomery,Chevy Chase,,AESearch,Available,[Int] - TV Auto Suspend,,,3h 17m,3h 17m,09/23/2026 01:42 PM,,,,2026-09-23,3.28,True,False,Unknown,2026-09-24T05:41:07.310166+00:00
TPS-AD-50-26-01488,BORROWER: Zacha,09/25 10:35 AM,TPS-AD-,Online,CODILIS,Two Owner Fore..,KamaleshK_ADSSearchType,0,WI,Winnebago,Menasha,,Search,Workflow Suspended,"Cannot Complete Order - Hello, For the..",,,2h 23m,2h 23m,09/23/2026 02:36 PM,,,,2026-09-23,2.38,False,True,Unknown,2026-09-24T05:41:07.310166+00:00
TPS-AD-DTT-2026-27552,borrower: Jose,09/25 10:49 AM,TPS-AD-,Online,QUALIAMPX,Full Title,MahaboobBa_ADSSearchType,0,MD,Prince Georges,Hyattsville,16-1817949,Search,Task Suspended,[Int] - TV Auto Suspend - TV Auto-Suspen..,,,1d 2h 9m,1d 2h 8m,09/22/2026 02:50 PM,,,,2026-09-22,26.15,False,True,Unknown,2026-09-24T05:41:07.310166+00:00
TPS-AD-14-26-06063,Federal Home Lo,09/25 10:55 AM,TPS-AD-,Online,CODILIS,Full Title,SteephenJ_ADSSearchType,0,IL,Macoupin,Gillespie,,Search,In Progress,Continue - Proceed with the search and a..,,,1d 2h 3m,1d 2h 2m,09/22/2026 02:56 PM,,,,2026-09-22,26.05,False,False,Unknown,2026-09-24T05:41:07.310166+00:00
TPS-AD-101-10930361,BUYER: CHRIS AD,09/25 10:56 AM,TPS-AD-,Online,TELSIX,Two Owner,,0,NY,Queens,Jamaica,,Search,Available,Sending attachment [101-10930361_RWreque..,,,2h 2m,2h 2m,09/23/2026 02:57 PM,,,,2026-09-23,2.03,True,False,Unknown,2026-09-24T05:41:07.310166+00:00
TPS-AD-101-10930364,BUYER: SANDY RA,09/25 11:07 AM,TPS-AD-,Online,TELSIX,Two Owner,,0,NY,Westchester,Yonkers,,Search,Available,Sending attachment [101-10930364_RWreque..,,,1h 51m,1h 51m,09/23/2026 03:08 PM,,,,2026-09-23,1.85,True,False,Unknown,2026-09-24T05:41:07.310166+00:00
TPS-AD-101-10930381,BUYER: MARLANA,09/25 11:42 AM,TPS-AD-,Online,TELSIX,Two Owner,,0,TX,Lubbock,Lubbock,,Search,Available,[Int] - TV Auto Suspend,,,1h 16m,1h 16m,09/23/2026 03:43 PM,,,,2026-09-23,1.27,True,False,Unknown,2026-09-24T05:41:07.310166+00:00
TPS-AD-26019243IL,Ryan Eudy and J,09/25 11:54 AM,TPS-AD-,Online,ADVOCUS,Full Title,,0,IL,Williamson,Carbondale,09-14-200-015,Search,Available,[Int] - TV Auto Suspend,,,1h 4m,1h 3m,09/23/2026 03:55 PM,,,,2026-09-23,1.07,True,False,Unknown,2026-09-24T05:41:07.310166+00:00
TPS-AD-DTT-2026-27587,borrower: TBD T,09/25 12:39 PM,TPS-AD-,Online,QUALIAMPX,Full Title,NagendraR_ADSSearchType,0,PA,Fayette,Star Junction,27-15-0043,Search,Workflow Suspended,"Inbound: ""[Update OrderNumber: DTT-2026-..",09/25 01:00 PM,ON HOLD - Awaiting response to fee appro..,1d 19m,1d 19m,09/22/2026 04:40 PM,,,,2026-09-22,24.32,False,True,Unknown,2026-09-24T05:41:07.310166+00:00
TPS-AD-76366352,Karin Lord;,PAUSED,TPS-AD-,Ground,TSO,Extended Updat..,,0,SD,Pennington,Rapid City,2032251032,Search,Workflow Suspended,[Ext] - [cascade from 17724581] Waiting ..,09/25 05:00 PM,"ETA: Hello, The county land records are..",11d 0m,11d 0m,09/08/2026 09:49 PM,,,,2026-09-08,264.0,False,True,Unknown,2026-09-24T05:41:07.310166+00:00
TPS-AD-101-10906274,BUYER: Gittel M,09/25 12:59 PM,TPS-AD-,Online,TELSIX,Update w/ Requ..,,0,NY,Kings,Brooklyn,,UpdateSearch,Available,REQUESTED E DATE NOT YET MET: CURRENT E ..,09/24 05:00 PM,ON HOLD - Waiting for plant date to matc..,5d 38m,5d 37m,09/16/2026 04:21 PM,,,,2026-09-16,120.63,True,False,Unknown,2026-09-24T05:41:07.310166+00:00
TPS-AD-101-10929982,BUYER: MAJOR AR,09/25 12:59 PM,TPS-AD-,Online,TELSIX,Full Title,,0,LA,Webster,Minden,,Search,Available,[Int] - TV Auto Suspend,,,2h 16m,2h 16m,09/23/2026 02:43 PM,,,,2026-09-23,2.27,True,False,Unknown,2026-09-24T05:41:07.310166+00:00
TPS-AD-101-10929983,BUYER: ARTHUR D,09/25 12:59 PM,TPS-AD-,Online,TELSIX,Full Title,,0,MD,Anne Arundel,Linthicum,,Search,Available,[Int] - TV Auto Suspend,,,6h 24m,6h 22m,09/23/2026 10:35 AM,,,,2026-09-23,6.4,True,False,Unknown,2026-09-24T05:41:07.310166+00:00
TPS-AD-101-10857562,GLORIA GARCIA,09/25 12:59 PM,TPS-AD-,Online,TELSIX,Update w/ Requ..,,0,MI,Bay,BAY CITY,,UpdateSearch,Available,REQUESTED E DATE NOT YET MET: CURRENT E ..,09/30 09:00 AM,ETA: Waiting for plant date to match the..,5d 4h 30m,5d 4h 27m,09/16/2026 12:29 PM,,,101-10881688,2026-09-16,124.5,True,False,Unknown,2026-09-24T05:41:07.310166+00:00
TPS-AD-8169227,GMF ENTERPRISES,09/25 01:00 PM,TPS-AD-,Ground,INFOTRACK,Legal & Vestin..,SachinSS_ADSSearchType,0,UT,Emery,Cleveland,,Search,Workflow Suspended,"Cannot Complete Order - Hello, 1) For th..",09/25 05:00 PM,"ETA: Hello, for this order the additiona..",19d 3h 51m,19d 3h 50m,08/26/2026 01:08 PM,,,,2026-08-26,459.85,False,True,Unknown,2026-09-24T05:41:07.310166+00:00
TPS-AD-101-10928298,BUYER: HENRY ST,09/25 01:00 PM,TPS-AD-,Ground,TELSIX,Full Title,,0,NJ,Mercer,East Windsor,,Search,Available,ETA accepted by SyedaF_FAI on 9/21/2026 ..,09/25 05:00 PM,ETA: Order has been assigned to the abst..,4d 0m,4d 0m,09/17/2026 06:32 PM,,,,2026-09-17,96.0,True,False,Unknown,2026-09-24T05:41:07.310166+00:00
TPS-AD-101-10928857,BUYER: DEREK CO,09/25 01:00 PM,TPS-AD-,Ground,TELSIX,Two Owner,,0,IL,McDonough,Good Hope,,Search,Available,ETA accepted by KondaveniP_FAI on 9/21/2..,09/25 05:00 PM,ETA: Order has been assigned to the abst..,3d 0m,3d 0m,09/18/2026 05:35 PM,,,,2026-09-18,72.0,True,False,Unknown,2026-09-24T05:41:07.310166+00:00
TPS-AD-101-10928937,BUYER: KIMBERLY,09/25 01:00 PM,TPS-AD-,Ground,TELSIX,Full Title,MahaboobBa_ADSSearchType,0,OH,Mahoning,Campbell,,Search,Task Suspended,ETA accepted by KondaveniP_FAI on 9/21/2..,09/25 05:00 PM,ETA: Order has been assigned to the abst..,3d 0m,3d 0m,09/18/2026 07:53 PM,,,,2026-09-18,72.0,False,True,Unknown,2026-09-24T05:41:07.310166+00:00
TPS-AD-76398834,Heather Deprie,09/25 01:00 PM,TPS-AD-,Ground,TSO,24 Month Curre..,,0,MT,Blaine,Chinook,0011906,Search,Available,Continue - Approved,09/25 05:00 PM,ETA: Order has been assigned to the abst..,3d 0m,3d 0m,09/20/2026 04:47 PM,,,,2026-09-20,72.0,True,False,Unknown,2026-09-24T05:41:07.310166+00:00
TPS-AD-101-10929984,BUYER: MARK BAN,09/25 01:00 PM,TPS-AD-,Online,TELSIX,Full Title,MahaboobBa_ADSSearchType,0,MD,Prince Georges,Upper Marlboro,,Search,Task Suspended,[Int] - TV Auto Logout - User session ti..,,,1d 0m,1d 0m,09/22/2026 09:56 PM,,,,2026-09-22,24.0,False,True,Unknown,2026-09-24T05:41:07.310166+00:00
TPS-AD-101-10930004,BUYER: MINH PHA,09/25 01:00 PM,TPS-AD-,Online,TELSIX,Full Title,,0,MD,Cecil,Port Deposit,,Search,Available,[Int] - TV Auto Suspend,,,1d 0m,1d 0m,09/22/2026 10:46 PM,,,,2026-09-22,24.0,True,False,Unknown,2026-09-24T05:41:07.310166+00:00
TPS-AD-101-10930007,BUYER: SHANETTE,09/25 01:00 PM,TPS-AD-,Online,TELSIX,Full Title,AnushreeU_ADSSearchType,0,MD,Baltimore City,Baltimore,,Search,Workflow Suspended,"Cannot Complete Order - Hello, This is ..",,,1d 0m,1d 0m,09/22/2026 11:07 PM,,,,2026-09-22,24.0,False,True,Unknown,2026-09-24T05:41:07.310166+00:00
TPS-AD-26019241IL,,09/25 01:00 PM,TPS-AD-,Online,ADVOCUS,Full Title,Gummadi_ADSSearchType,0,IL,Williamson,Carterville,05-01-450-029,Search,In Progress,[Int] - TV Auto Suspend,,,0m,0m,09/23/2026 05:08 PM,,,,2026-09-23,0.0,False,False,Unknown,2026-09-24T05:41:07.310166+00:00
TPS-AD-AZ-2609-0550,borrower: Desta,09/25 01:00 PM,TPS-AD-,Online,LANDSEA,Home Builder L..,,0,AZ,Maricopa,Goodyear,,UpdateSearch,Available,[Int] - TV Auto Suspend,,,0m,0m,09/23/2026 05:40 PM,,,,2026-09-23,0.0,True,False,Unknown,2026-09-24T05:41:07.310166+00:00
TPS-AD-AZ-2609-0551,borrower: Jamie,09/25 01:00 PM,TPS-AD-,Online,LANDSEA,Home Builder L..,,0,AZ,Maricopa,Surprise,,UpdateSearch,Available,[Int] - TV Auto Suspend,,,0m,0m,09/23/2026 05:48 PM,,,,2026-09-23,0.0,True,False,Unknown,2026-09-24T05:41:07.310166+00:00
TPS-AD-101-10930624,BUYER: ROLANDO,09/25 01:00 PM,TPS-AD-,Online,TELSIX,Two Owner,,0,TX,Webb,Laredo,,Search,Available,[Int] - TV Auto Suspend,,,0m,0m,09/23/2026 11:13 PM,,,,2026-09-23,0.0,True,False,Unknown,2026-09-24T05:41:07.310166+00:00
TPS-AD-50-26-01485,BORROWER: David,09/25 01:02 PM,TPS-AD-,Online,CODILIS,Full Title,,0,WI,Waukesha,New Berlin,NBC 1201046,Search,Available,[Int] - TV Auto Suspend,,,7h 56m,7h 56m,09/23/2026 09:03 AM,,,,2026-09-23,7.93,True,False,Unknown,2026-09-24T05:41:07.310166+00:00
TPS-AD-76340829,Joshua Ehrhard,09/25 01:51 PM,TPS-AD-,Ground,TSO,Update 24 Mont..,,0,MT,Custer,Miles City,RMS0839,UpdateSearch,Available,ETA accepted by KondaveniP_FAI on 9/22/2..,09/25 05:00 PM,ETA: Order has been assigned to the abst..,2d 7h 7m,2d 7h 7m,09/21/2026 09:52 AM,,,,2026-09-21,55.12,True,False,Unknown,2026-09-24T05:41:07.310166+00:00
TPS-AD-TRA-IN-26-15517,Dora Nava de Va,09/25 02:00 PM,TPS-AD-,Online,TITLERA,Full Title,,0,IN,Elkhart,Elkhart,20-06-22-429-010.000-009,Search,Available,[Int] - TV Auto Suspend,,,6h 58m,6h 58m,09/23/2026 10:01 AM,,,,2026-09-23,6.97,True,False,Unknown,2026-09-24T05:41:07.310166+00:00
TPS-AD-50-26-01481,"Cook, Damian",09/25 02:17 PM,TPS-AD-,Online,CODILIS,Full Title,,0,WI,Racine,Racine,,Search,Available,[Int] - TV Auto Suspend,,,6h 41m,6h 40m,09/23/2026 10:18 AM,,,,2026-09-23,6.68,True,False,Unknown,2026-09-24T05:41:07.310166+00:00
TPS-AD-101-10557610,DONALD W RADVAN,09/25 02:40 PM,TPS-AD-,Ground,TELSIX,Update Two Own..,,0,VA,Fairfax City,FAIRFAX,,UpdateSearch,Available,ETA accepted by SyedaF_FAI on 9/21/2026 ..,09/25 05:00 PM,ETA: Order has been assigned to the abst..,2d 6h 18m,2d 6h 18m,09/21/2026 10:41 AM,,,101-10819766,2026-09-21,54.3,True,False,Unknown,2026-09-24T05:41:07.310166+00:00
TPS-AD-922371112,BORROWER: FRANK,09/25 02:51 PM,TPS-AD-,Ground,DATATREE,Legal & Vestin..,KishoreK_ADSSearchType,0,KS,Linn,LA CYGNE,092-04-0-10-20-006.00-0,Search,Workflow Suspended,"Cannot Complete Order - Hello, As per th..",09/25 05:00 PM,ETA: Order has been assigned to the abst..,2d 6h 7m,2d 6h 6m,09/21/2026 10:52 AM,,,,2026-09-21,54.12,False,True,Unknown,2026-09-24T05:41:07.310166+00:00
TPS-AD-101-10930185,BUYER: Rick Boo,09/25 02:58 PM,TPS-AD-,Online,TELSIX,Full Title,KishoreK_ADSSearchType,0,OH,Hamilton,Cincinnati,,Search,Workflow Suspended,"Cannot Complete Order - Hello, We are un..",,,6h 0m,6h 0m,09/23/2026 10:59 AM,,,,2026-09-23,6.0,False,True,Unknown,2026-09-24T05:41:07.310166+00:00
TPS-AD-101-10927966,BUYER: ZORAIDE,09/25 03:03 PM,TPS-AD-,Ground,TELSIX,Full Title,,0,LA,Orleans,New Orleans,,Search,Available,ETA accepted by KondaveniP_FAI on 9/22/2..,09/25 05:00 PM,ETA: Order has been assigned to the abst..,4d 1h 53m,4d 1h 52m,09/17/2026 03:06 PM,,,,2026-09-17,97.88,True,False,Unknown,2026-09-24T05:41:07.310166+00:00
TPS-AD-101-10928053,BUYER: HARVEY M,09/25 03:04 PM,TPS-AD-,Ground,TELSIX,Full Title,,0,LA,Orleans,New Orleans,,Search,Available,Continue - Approved,09/25 05:00 PM,ETA: Order has been assigned to the abst..,4d 50m,4d 50m,09/17/2026 04:09 PM,,,,2026-09-17,96.83,True,False,Unknown,2026-09-24T05:41:07.310166+00:00
TPS-AD-101-10930217,ELBERT THOMAS,09/25 03:41 PM,TPS-AD-,Online,TELSIX,Full Title,TejashKumar_ADSSearchType,0,AZ,Yuma,YUMA,_70161161,TypingModule,Task Suspended,[Int] - TV Auto Suspend - TV Auto-Suspen..,,,5h 13m,0m,09/23/2026 11:46 AM,,,101-10930217,2026-09-23,5.22,False,True,Unknown,2026-09-24T05:41:07.310166+00:00
TPS-AD-14-26-06097,BORROWER: De An,09/25 03:57 PM,TPS-AD-,Online,CODILIS,Full Title,SukruthiS_ADSSearchType,0,IL,LaSalle,La Salle,,TypingModule,In Progress,[Int] - TV Manual Logout - User Logged o..,,,5h 1m,0m,09/23/2026 11:58 AM,,,,2026-09-23,5.02,False,False,Unknown,2026-09-24T05:41:07.310166+00:00
TPS-AD-CO-117295,Buyer: TBD TBD,09/25 04:03 PM,TPS-AD-,Online,TF,Preliminary Re..,KamaleshK_ADSSearchType,0,CO,Denver,Denver,07032-03-181-181,AESearch,Workflow Suspended,"Cannot Complete Order - Hello, For the ..",,,1h 8m,1h 8m,09/23/2026 03:51 PM,,,,2026-09-23,1.13,False,True,Unknown,2026-09-24T05:41:07.310166+00:00
TPS-AD-101-10930239,BUYER: Monyca H,09/25 04:10 PM,TPS-AD-,Online,TELSIX,Full Title,KishoreK_ADSSearchType,0,GA,Glynn,Brunswick,,Search,Workflow Suspended,"Cannot Complete Order - Hello, We are un..",,,4h 48m,4h 48m,09/23/2026 12:11 PM,,,,2026-09-23,4.8,False,True,Unknown,2026-09-24T05:41:07.310166+00:00
TPS-AD-101-10930247,BUYER: Jeramie,09/25 04:17 PM,TPS-AD-,Online,TELSIX,Full Title,KishoreK_ADSSearchType,0,MD,Cecil,Elkton,,Search,Task Suspended,[Int] - TV Auto Suspend - TV Auto-Suspen..,,,4h 3m,4h 2m,09/23/2026 12:56 PM,,,,2026-09-23,4.05,False,True,Unknown,2026-09-24T05:41:07.310166+00:00
TPS-AD-101-10930257,BUYER: Matthew,09/25 04:26 PM,TPS-AD-,Online,TELSIX,Full Title,,0,LA,Orleans,New Orleans,,Search,Available,[Int] - TV Auto Suspend,,,4h 32m,4h 32m,09/23/2026 12:27 PM,,,,2026-09-23,4.53,True,False,Unknown,2026-09-24T05:41:07.310166+00:00
TPS-AD-INACC26-5190,Mahrdt Family P,09/25 04:27 PM,TPS-AD-,Online,LANDSERV,Full Title,,0,IN,Marion,Indianapolis,49-11-11-183-001.006-101,Search,Available,Client: Please provide a 60 year search ..,,,1h 31m,1h 31m,09/23/2026 03:28 PM,,,,2026-09-23,1.52,True,False,Unknown,2026-09-24T05:41:07.310166+00:00
TPS-AD-P1537965,BORROWER: Franc,09/28 09:01 AM,TPS-AD-,Online,SIRAEFCU,Update Current..,,0,CT,Hartford,New Britain,,UpdateSearch,Available,EQUESTED E DATE NOT YET MET: CURRENT E D..,09/25 05:00 PM,"ETA: Hello, As Per the New Britain Town ..",9d 7h 57m,9d 7h 57m,09/10/2026 09:02 AM,,,,2026-09-10,223.95,True,False,Unknown,2026-09-24T05:41:07.310166+00:00
TPS-AD-P1540272,BORROWER: Peter,09/28 09:17 AM,TPS-AD-,Online,SIRCGB,Update Current..,,0,CT,Hartford,Berlin,,UpdateSearch,Available,ETA accepted by dalderette on 9/23/2026 ..,10/02 05:00 PM,ETA: Waiting for plant date to match the..,1d 7h 42m,1d 7h 42m,09/22/2026 09:17 AM,,,,2026-09-22,31.7,True,False,Unknown,2026-09-24T05:41:07.310166+00:00
TPS-AD-97055-572278,MARIE LESLIE SC,09/28 09:22 AM,TPS-AD-,Ground,SIW,Update Two Own..,,0,VA,Cumberland,FARMVILLE,110AX180,UpdateSearch,Available,ETA accepted by KondaveniP_FAI on 9/22/2..,09/28 05:00 PM,ETA: Order has been assigned to the abst..,2d 3h 28m,2d 3h 28m,09/21/2026 01:31 PM,,,,2026-09-21,51.47,True,False,Unknown,2026-09-24T05:41:07.310166+00:00
TPS-AD-101-10930356,BUYER: Ronald C,09/28 10:43 AM,TPS-AD-,Online,TELSIX,Full Title,AbhilashC_ADSSearchType,0,LA,Caddo,Shreveport,,Search,In Progress,[Int] - TV Auto Suspend,,,2h 15m,2h 15m,09/23/2026 02:44 PM,,,,2026-09-23,2.25,False,False,Unknown,2026-09-24T05:41:07.310166+00:00
TPS-AD-101-10903665,ADRIANNE WARREN,09/28 11:25 AM,TPS-AD-,Ground,TELSIX,Update w/ Requ..,,0,OH,Mahoning,YOUNGSTOWN,_,UpdateSearch,Available,ETA added by josephL_ADSSearchType on 9..,10/02 05:00 PM,ON HOLD - Waiting for plant date to matc..,2d 1h 33m,2d 1h 32m,09/21/2026 03:26 PM,,,,2026-09-21,49.55,True,False,Unknown,2026-09-24T05:41:07.310166+00:00
TPS-AD-101-10930363,BUYER: Zachary,09/28 11:31 AM,TPS-AD-,Online,TELSIX,Full Title,AshokaA_ADSSearchType,0,GA,Clayton,Rex,,TypingModule,Task Suspended,[Int] - TV Auto Suspend - TV Auto-Suspen..,,,1h 26m,0m,09/23/2026 03:33 PM,,,,2026-09-23,1.43,False,True,Unknown,2026-09-24T05:41:07.310166+00:00
TPS-AD-101-10930379,BUYER: Judy Wat,09/28 11:34 AM,TPS-AD-,Online,TELSIX,Full Title,,0,LA,Ascension,Gonzales,,Search,Available,[Int] - TV Auto Suspend,,,1h 24m,1h 23m,09/23/2026 03:35 PM,,,,2026-09-23,1.4,True,False,Unknown,2026-09-24T05:41:07.310166+00:00
TPS-AD-CENTX-26-43286,Clarissa Johnso,09/28 12:04 PM,TPS-AD-,Ground,AFFINX,Current Owner,KishoreK_ADSSearchType,0,VA,Caroline,Ruther Glen,,Search,Workflow Suspended,"Cannot Complete Order - Hello, As per th..",09/28 05:00 PM,ETA: Order has been assigned to the abst..,2d 54m,2d 54m,09/21/2026 04:05 PM,,,,2026-09-21,48.9,False,True,Unknown,2026-09-24T05:41:07.310166+00:00
TPS-AD-40063949,TBD,09/28 12:43 PM,TPS-AD-,Online,PIERCE,Full Title,,0,IL,Winnebago,WINNEBAGO,1423178002,Search,Available,[Int] - TV Auto Suspend,,,10m,9m,09/23/2026 04:49 PM,,,,2026-09-23,0.17,True,False,Unknown,2026-09-24T05:41:07.310166+00:00
TPS-AD-101-10885092,YACLU KETEL ANT,09/28 12:59 PM,TPS-AD-,Online,TELSIX,Update w/ Requ..,,0,NJ,Warren,BLAIRSTOWN,,UpdateSearch,Available,REQUESTED E DATE NOT YET MET: CURRENT E ..,09/25 05:00 PM,ON HOLD - Waiting for plant date to matc..,3d 26m,3d 26m,09/18/2026 04:33 PM,,,,2026-09-18,72.43,True,False,Unknown,2026-09-24T05:41:07.310166+00:00
TPS-AD-101-10717482,BUYER: TIMOTHY,09/28 01:00 PM,TPS-AD-,Ground,TELSIX,Update Two Own..,,0,VA,Augusta,Churchville,,UpdateSearch,Available,ETA accepted by KondaveniP_FAI on 9/22/2..,09/28 05:00 PM,"Hello, Order has been assigned to the ab..",2d 0m,2d 0m,09/22/2026 06:00 AM,,,101-10829439,2026-09-22,48.0,True,False,Unknown,2026-09-24T05:41:07.310166+00:00
TPS-AD-P1533278,BORROWER: Micha,09/28 01:00 PM,TPS-AD-,Online,SIRAVNNWCB,Update Current..,,0,CT,Hartford,Plainville,,UpdateSearch,Available,REQUESTED E DATE NOT YET MET: CURRENT E ..,09/25 05:00 PM,ETA:ON HOLD - Waiting for plant date to ..,4d 5h 50m,4d 5h 50m,09/17/2026 11:09 AM,,,,2026-09-17,101.83,True,False,Unknown,2026-09-24T05:41:07.310166+00:00
TPS-AD-101-10930565,BUYER: LATARSHA,09/28 01:00 PM,TPS-AD-,Online,TELSIX,Full Title,,0,LA,East Baton Rouge,Baton Rouge,,Search,Available,[Int] - TV Auto Suspend,,,0m,0m,09/23/2026 08:48 PM,,,,2026-09-23,0.0,True,False,Unknown,2026-09-24T05:41:07.310166+00:00
TPS-AD-101-10928116,BUYER: DAVID FU,09/28 01:00 PM,TPS-AD-,Ground,TELSIX,Two Owner,,0,NH,Hillsborough,Hillsboro,,Search,Available,ETA accepted by SyedaF_FAI on 9/21/2026 ..,09/28 05:00 PM,ETA: Order has been assigned to the abst..,4d 24m,4d 24m,09/17/2026 04:35 PM,,,,2026-09-17,96.4,True,False,Unknown,2026-09-24T05:41:07.310166+00:00
TPS-AD-101-10928934,BUYER: SCOTT MO,09/28 01:00 PM,TPS-AD-,Ground,TELSIX,Full Title,,0,NJ,Ocean,Forked River,,Search,Available,ETA accepted by KondaveniP_FAI on 9/22/2..,09/28 05:00 PM,"Hello, Order has been assigned to the ab..",3d 0m,3d 0m,09/18/2026 08:17 PM,,,,2026-09-18,72.0,True,False,Unknown,2026-09-24T05:41:07.310166+00:00
TPS-AD-101-10930453,BUYER: Myrtle E,09/28 01:00 PM,TPS-AD-,Online,TELSIX,Full Title,,0,GA,Hall,Gainesville,,Search,Available,[Int] - TV Auto Suspend,,,0m,0m,09/23/2026 05:38 PM,,,,2026-09-23,0.0,True,False,Unknown,2026-09-24T05:41:07.310166+00:00
TPS-AD-101-10930462,BUYER: Ernest M,09/28 01:00 PM,TPS-AD-,Online,TELSIX,Full Title,ArchanaG_ADSSearchType,0,GA,Fulton,College Park,,Search,In Progress,[Int] - TV Auto Suspend,,,0m,0m,09/23/2026 05:39 PM,,,,2026-09-23,0.0,False,False,Unknown,2026-09-24T05:41:07.310166+00:00
TPS-AD-101-10930495,BUYER: RANDY MI,09/28 01:00 PM,TPS-AD-,Online,TELSIX,Full Title,,0,GA,Cherokee,Woodstock,,Search,Available,[Int] - TV Auto Suspend,,,0m,0m,09/23/2026 06:17 PM,,,,2026-09-23,0.0,True,False,Unknown,2026-09-24T05:41:07.310166+00:00
TPS-AD-101-10930494,BUYER: VIRGILIO,09/28 01:00 PM,TPS-AD-,Online,TELSIX,Full Title,,0,GA,Hall,Gainesville,,Search,Available,[Int] - TV Auto Suspend,,,0m,0m,09/23/2026 06:17 PM,,,,2026-09-23,0.0,True,False,Unknown,2026-09-24T05:41:07.310166+00:00
TPS-AD-101-10930496,BUYER: CHOCTAW,09/28 01:00 PM,TPS-AD-,Online,TELSIX,Full Title,,0,GA,Newton,Covington,,Search,Available,[Int] - TV Auto Suspend,,,0m,0m,09/23/2026 06:18 PM,,,,2026-09-23,0.0,True,False,Unknown,2026-09-24T05:41:07.310166+00:00
TPS-AD-101-10930500,BUYER: BRIAN SI,09/28 01:00 PM,TPS-AD-,Online,TELSIX,Full Title,,0,GA,Montgomery,Vidalia,,Search,Available,[Int] - TV Auto Suspend,,,0m,0m,09/23/2026 06:28 PM,,,,2026-09-23,0.0,True,False,Unknown,2026-09-24T05:41:07.310166+00:00
TPS-AD-101-10930508,BUYER: LLOYD BA,09/28 01:00 PM,TPS-AD-,Online,TELSIX,Full Title,,0,GA,Carroll,Carrollton,,Search,Available,[Int] - TV Auto Suspend,,,0m,0m,09/23/2026 06:30 PM,,,,2026-09-23,0.0,True,False,Unknown,2026-09-24T05:41:07.310166+00:00
TPS-AD-101-10930510,BUYER: LARENZO,09/28 01:00 PM,TPS-AD-,Online,TELSIX,Full Title,,0,GA,Burke,Hephzibah,,Search,Available,[Int] - TV Auto Suspend,,,0m,0m,09/23/2026 06:38 PM,,,,2026-09-23,0.0,True,False,Unknown,2026-09-24T05:41:07.310166+00:00
TPS-AD-101-10930511,BUYER: AUSTIN B,09/28 01:00 PM,TPS-AD-,Online,TELSIX,Full Title,,0,GA,Effingham,Guyton,,Search,Available,[Int] - TV Auto Suspend,,,0m,0m,09/23/2026 06:43 PM,,,,2026-09-23,0.0,True,False,Unknown,2026-09-24T05:41:07.310166+00:00
TPS-AD-101-10930515,BUYER: VERONIQU,09/28 01:00 PM,TPS-AD-,Online,TELSIX,Full Title,,0,GA,Fayette,Jonesboro,,Search,Available,[Int] - TV Auto Suspend,,,0m,0m,09/23/2026 06:48 PM,,,,2026-09-23,0.0,True,False,Unknown,2026-09-24T05:41:07.310166+00:00
TPS-AD-101-10930516,BUYER: SJAJUANA,09/28 01:00 PM,TPS-AD-,Online,TELSIX,Full Title,,0,GA,Henry,McDonough,,Search,Available,[Int] - TV Auto Suspend,,,0m,0m,09/23/2026 06:50 PM,,,,2026-09-23,0.0,True,False,Unknown,2026-09-24T05:41:07.310166+00:00
TPS-AD-101-10930518,BUYER: TREONDA,09/28 01:00 PM,TPS-AD-,Online,TELSIX,Full Title,,0,GA,Fulton,Palmetto,,Search,Available,[Int] - TV Auto Suspend,,,0m,0m,09/23/2026 06:50 PM,,,,2026-09-23,0.0,True,False,Unknown,2026-09-24T05:41:07.310166+00:00
TPS-AD-101-10930517,BUYER: DENISE T,09/28 01:00 PM,TPS-AD-,Online,TELSIX,Full Title,,0,GA,Douglas,Douglasville,,Search,Available,[Int] - TV Auto Suspend,,,0m,0m,09/23/2026 06:51 PM,,,,2026-09-23,0.0,True,False,Unknown,2026-09-24T05:41:07.310166+00:00
TPS-AD-101-10930522,BUYER: TERRY AL,09/28 01:00 PM,TPS-AD-,Online,TELSIX,Full Title,,0,GA,Clayton,Riverdale,,Search,Available,[Int] - TV Auto Suspend,,,0m,0m,09/23/2026 07:03 PM,,,,2026-09-23,0.0,True,False,Unknown,2026-09-24T05:41:07.310166+00:00
TPS-AD-101-10930528,BUYER: TERRY BA,09/28 01:00 PM,TPS-AD-,Online,TELSIX,Full Title,NinithaR_ADSSearchType,0,IL,Tazewell,East Peoria,,Search,In Progress,[Int] - TV Auto Suspend,,,0m,0m,09/23/2026 07:16 PM,,,,2026-09-23,0.0,False,False,Unknown,2026-09-24T05:41:07.310166+00:00
TPS-AD-101-10930557,BUYER: CHRISTOP,09/28 01:00 PM,TPS-AD-,Online,TELSIX,Full Title,,0,LA,East Baton Rouge,Baton Rouge,,Search,Available,[Int] - TV Auto Suspend,,,0m,0m,09/23/2026 08:16 PM,,,,2026-09-23,0.0,True,False,Unknown,2026-09-24T05:41:07.310166+00:00
TPS-AD-101-10930560,BUYER: KILEY WA,09/28 01:00 PM,TPS-AD-,Online,TELSIX,Full Title,,0,LA,Terrebonne,Houma,,Search,Available,[Int] - TV Auto Suspend,,,0m,0m,09/23/2026 08:26 PM,,,,2026-09-23,0.0,True,False,Unknown,2026-09-24T05:41:07.310166+00:00
TPS-AD-101-10930559,BUYER: EBONY MC,09/28 01:00 PM,TPS-AD-,Online,TELSIX,Full Title,,0,LA,East Baton Rouge,Zachary,,Search,Available,[Int] - TV Auto Suspend,,,0m,0m,09/23/2026 08:31 PM,,,,2026-09-23,0.0,True,False,Unknown,2026-09-24T05:41:07.310166+00:00
TPS-AD-101-10930561,BUYER: MIKEISHA,09/28 01:00 PM,TPS-AD-,Online,TELSIX,Full Title,,0,LA,Orleans,New Orleans,,Search,Available,[Int] - TV Auto Suspend,,,0m,0m,09/23/2026 08:32 PM,,,,2026-09-23,0.0,True,False,Unknown,2026-09-24T05:41:07.310166+00:00
TPS-AD-101-10930564,BUYER: ANDREA J,09/28 01:00 PM,TPS-AD-,Online,TELSIX,Full Title,,0,LA,Orleans,New Orleans,,Search,Available,[Int] - TV Auto Suspend,,,0m,0m,09/23/2026 08:41 PM,,,,2026-09-23,0.0,True,False,Unknown,2026-09-24T05:41:07.310166+00:00
TPS-AD-101-10930563,BUYER: GABRIEL,09/28 01:00 PM,TPS-AD-,Online,TELSIX,Full Title,,0,LA,Calcasieu,Lake Charles,,Search,Available,[Int] - TV Auto Suspend,,,0m,0m,09/23/2026 08:44 PM,,,,2026-09-23,0.0,True,False,Unknown,2026-09-24T05:41:07.310166+00:00
TPS-AD-101-10930566,BUYER: AARON YO,09/28 01:00 PM,TPS-AD-,Online,TELSIX,Full Title,,0,LA,Livingston,Denham Springs,,Search,Available,[Int] - TV Auto Suspend,,,0m,0m,09/23/2026 08:51 PM,,,,2026-09-23,0.0,True,False,Unknown,2026-09-24T05:41:07.310166+00:00
TPS-AD-101-10930568,BUYER: TIMOTHY,09/28 01:00 PM,TPS-AD-,Online,TELSIX,Full Title,,0,MD,Anne Arundel,Pasadena,,Search,Available,[Int] - TV Auto Suspend,,,0m,0m,09/24/2026 12:59 AM,,,,2026-09-24,0.0,True,False,Unknown,2026-09-24T05:41:07.310166+00:00
TPS-AD-101-10930569,BUYER: LATOYA A,09/28 01:00 PM,TPS-AD-,Online,TELSIX,Full Title,,0,LA,East Baton Rouge,Baton Rouge,,Search,Available,[Int] - TV Auto Suspend,,,0m,0m,09/23/2026 09:03 PM,,,,2026-09-23,0.0,True,False,Unknown,2026-09-24T05:41:07.310166+00:00
TPS-AD-101-10930579,BUYER: AMANDA M,09/28 01:00 PM,TPS-AD-,Online,TELSIX,Full Title,,0,NJ,Burlington,Eastampton,,Search,Available,[Int] - TV Auto Suspend,,,0m,0m,09/23/2026 09:24 PM,,,,2026-09-23,0.0,True,False,Unknown,2026-09-24T05:41:07.310166+00:00
TPS-AD-101-10930582,BUYER: STEPHEN,09/28 01:00 PM,TPS-AD-,Online,TELSIX,Full Title,,0,OH,Franklin,Canal Winchester,,Search,Available,[Int] - TV Auto Suspend,,,0m,0m,09/23/2026 09:43 PM,,,,2026-09-23,0.0,True,False,Unknown,2026-09-24T05:41:07.310166+00:00
TPS-AD-101-10930583,BUYER: DARRYL S,09/28 01:00 PM,TPS-AD-,Online,TELSIX,Full Title,,0,OH,Cuyahoga,North Olmsted,,Search,Available,[Int] - TV Auto Suspend,,,0m,0m,09/23/2026 09:46 PM,,,,2026-09-23,0.0,True,False,Unknown,2026-09-24T05:41:07.310166+00:00
TPS-AD-101-10930585,BUYER: SCOTT R,09/28 01:00 PM,TPS-AD-,Online,TELSIX,Full Title,MahaboobBa_ADSSearchType,0,PA,Northumberland,Turbotville,,Search,Task Suspended,[Int] - TV Auto Suspend - TV Auto-Suspen..,,,0m,0m,09/23/2026 09:46 PM,,,,2026-09-23,0.0,False,True,Unknown,2026-09-24T05:41:07.310166+00:00
TPS-AD-101-10930586,BUYER: ANDREA F,09/28 01:00 PM,TPS-AD-,Online,TELSIX,Full Title,,0,OH,Cuyahoga,Euclid,,Search,Available,[Int] - TV Auto Suspend,,,0m,0m,09/23/2026 09:54 PM,,,,2026-09-23,0.0,True,False,Unknown,2026-09-24T05:41:07.310166+00:00
TPS-AD-101-10930587,BUYER: LINDA DA,09/28 01:00 PM,TPS-AD-,Online,TELSIX,Full Title,KishoreK_ADSSearchType,0,PA,Luzerne,Nanticoke,,Search,In Progress,[Int] - TV Auto Suspend,,,0m,0m,09/23/2026 09:55 PM,,,,2026-09-23,0.0,False,False,Unknown,2026-09-24T05:41:07.310166+00:00
TPS-AD-101-10929599,BUYER: Jermaine,09/28 01:27 PM,TPS-AD-,Ground,TELSIX,Full Title,,0,OH,Mahoning,Austintown,,Search,Available,ETA accepted by SyedaF_FAI on 9/22/2026 ..,09/28 05:00 PM,ETA: Order has been assigned to the abst..,1d 7h 31m,1d 7h 31m,09/22/2026 09:28 AM,,,,2026-09-22,31.52,True,False,Unknown,2026-09-24T05:41:07.310166+00:00
TPS-AD-101-10929607,BUYER: Catherin,09/28 01:40 PM,TPS-AD-,Ground,TELSIX,Full Title,,0,OH,Jefferson,Mingo Junction,,Search,Available,ETA accepted by SyedaF_FAI on 9/22/2026 ..,09/28 05:00 PM,ETA: Order has been assigned to the abst..,1d 7h 18m,1d 7h 18m,09/22/2026 09:41 AM,,,,2026-09-22,31.3,True,False,Unknown,2026-09-24T05:41:07.310166+00:00
TPS-AD-922926939,BORROWER: DEBRA,09/28 02:14 PM,TPS-AD-,Ground,DATATREE,Legal & Vestin..,,0,VA,Orange,ORANGE,044-A3-00-04-0023-0,Search,Available,[Int] - TV Auto Suspend - TV Auto-Suspen..,09/28 05:00 PM,ETA: Order has been assigned to the abst..,1d 6h 44m,1d 6h 44m,09/22/2026 10:15 AM,,,,2026-09-22,30.73,True,False,Unknown,2026-09-24T05:41:07.310166+00:00
TPS-AD-101-10929671,DENNIS O'NEAL A,09/28 03:47 PM,TPS-AD-,Ground,TELSIX,Full Title,,0,VA,Winchester City,WINCHESTER,_,Search,Available,ETA accepted by SyedaF_FAI on 9/22/2026 ..,09/28 05:00 PM,ETA: Order has been assigned to the abst..,1d 5h 10m,1d 5h 10m,09/22/2026 11:49 AM,,,101-10929671,2026-09-22,29.17,True,False,Unknown,2026-09-24T05:41:07.310166+00:00
TPS-AD-101-10929682,BUYER: AMY CALD,09/28 03:54 PM,TPS-AD-,Ground,TELSIX,Full Title,,0,OH,Gallia,Patriot,,Search,Available,Continue - Proceed with search on parcel..,09/28 05:00 PM,ETA: Order has been assigned to the abst..,1d 5h 4m,1d 5h 4m,09/22/2026 11:55 AM,,,,2026-09-22,29.07,True,False,Unknown,2026-09-24T05:41:07.310166+00:00
TPS-AD-8466939,Kelly Shumway,09/28 03:55 PM,TPS-AD-,Ground,INFOTRACK,Legal & Vestin..,,0,UT,San Juan,Libson Valley,,Search,Available,[Int] - TV Auto Suspend - TV Auto-Suspen..,09/28 05:00 PM,ETA: Order has been assigned to the abst..,1d 5h 3m,1d 5h 2m,09/22/2026 11:56 AM,,,,2026-09-22,29.05,True,False,Unknown,2026-09-24T05:41:07.310166+00:00
TPS-AD-101-10927780,BUYER: JUSTIN S,09/29 09:04 AM,TPS-AD-,Ground,VYLLAMMP,Current Owner,,0,PA,Adams,York Springs,,Search,Available,ETA accepted by SyedaF_FAI on 9/23/2026 ..,09/29 05:00 PM,ETA: Order has been assigned to the abst..,3h 27m,3h 27m,09/23/2026 01:32 PM,,,,2026-09-23,3.45,True,False,Unknown,2026-09-24T05:41:07.310166+00:00
TPS-AD-P1542859,BORROWER: Cathe,09/29 09:38 AM,TPS-AD-,Ground,SIRAVNFICB,Current Owner,,0,CT,Fairfield,Stamford,,Search,Available,Continue - IR: Please proceed fee is app..,09/29 05:00 PM,ETA: Order has been assigned to the abst..,3d 7h 13m,3d 7h 13m,09/18/2026 09:46 AM,,,,2026-09-18,79.22,True,False,Unknown,2026-09-24T05:41:07.310166+00:00
TPS-AD-520-1229219,Aletha Stephan,09/29 09:54 AM,TPS-AD-,Ground,LLSS,Two Owner,PraveenaB_ADSSearchType,0,IA,Buena Vista,Storm Lake,1403431017,Search,Task Suspended,[Int] - TV Auto Logout - User Logged off..,09/24 01:00 PM,ON HOLD - Awaiting response to fee appro..,3d 2h 30m,3d 2h 29m,09/18/2026 02:29 PM,,,,2026-09-18,74.5,False,True,Unknown,2026-09-24T05:41:07.310166+00:00
TPS-AD-424.00021,Malik Tabari,09/29 10:22 AM,TPS-AD-,Ground,SIW,Current Owner,,0,VA,Alexandria City,Alexandria,13807500,Search,Available,ETA accepted by SyedaF_FAI on 9/22/2026 ..,09/29 05:00 PM,ETA: Order has been assigned to the abst..,1d 2h 36m,1d 2h 35m,09/22/2026 02:23 PM,,,,2026-09-22,26.6,True,False,Unknown,2026-09-24T05:41:07.310166+00:00
TPS-AD-76213592,Kendall McCord,09/29 10:36 AM,TPS-AD-,Ground,TSO,Update 24 Mont..,AshokB_ADSSearchType,0,MT,Musselshell,Roundup,,UpdateSearch,Task Suspended,[Int] - TV Auto Suspend - TV Auto-Suspen..,,,1d 2h 22m,1d 2h 22m,09/22/2026 02:37 PM,,,,2026-09-22,26.37,False,True,Unknown,2026-09-24T05:41:07.310166+00:00
TPS-AD-101-10886772,TULOLO TOUTAI A,09/29 12:59 PM,TPS-AD-,Online,TELSIX,Update w/ Requ..,,0,NY,Albany,LATHAM,,UpdateSearch,Available,REQUESTED E DATE NOT YET MET: CURRENT E ..,09/28 05:00 PM,ON HOLD - Waiting for plant date to matc..,2d 0m,2d 0m,09/21/2026 05:58 PM,,,,2026-09-21,48.0,True,False,Unknown,2026-09-24T05:41:07.310166+00:00
TPS-AD-14-26-05546,BORROWER: Charl,09/29 01:00 PM,TPS-AD-,Online,CODILIS,Update Full Ti..,,0,IL,Lake,Zion,,UpdateSearch,Available,REQUESTED E DATE NOT YET MET: CURRENT E ..,09/29 09:00 AM,ETA:ON HOLD - Waiting for plant date to ..,1d 0m,1d 0m,09/22/2026 11:20 PM,,,,2026-09-22,24.0,True,False,Unknown,2026-09-24T05:41:07.310166+00:00
TPS-AD-101-10928185,BUYER: PHILLIP,09/29 01:00 PM,TPS-AD-,Ground,TELSIX,Full Title,,0,TX,Tyler,Fred,,Search,Available,ETA accepted by SyedaF_FAI on 9/22/2026 ..,09/29 05:00 PM,ETA: Order has been assigned to the abst..,4d 0m,4d 0m,09/17/2026 05:19 PM,,,,2026-09-17,96.0,True,False,Unknown,2026-09-24T05:41:07.310166+00:00
TPS-AD-CH-447346,borrower: JANIC,09/29 01:00 PM,TPS-AD-,Ground,DOMA,Current Owner,KishoreK_ADSSearchType,0,MS,Clay,West Point,,Search,Task Suspended,"Cannot Complete Order - Hello Team, Ple..",09/29 05:00 PM,"Hello, Order has been assigned to the ab..",1d 4h 43m,1d 4h 43m,09/22/2026 12:16 PM,,,,2026-09-22,28.72,False,True,Unknown,2026-09-24T05:41:07.310166+00:00
TPS-AD-FSB-447382,borrower: Shawn,09/29 01:00 PM,TPS-AD-,Ground,DOMA,Current Owner,,0,MO,Clinton,Cameron,,Search,Available,Continue - Please proceed. The legal on ..,09/29 05:00 PM,ETA: Order has been assigned to the abst..,1d 0m,1d 0m,09/22/2026 05:03 PM,,,,2026-09-22,24.0,True,False,Unknown,2026-09-24T05:41:07.310166+00:00
TPS-AD-101-10929926,BUYER: ATHAN TH,09/29 01:00 PM,TPS-AD-,Ground,TELSIX,Full Title,,0,IL,Alexander,Thebes,,Search,Available,ETA accepted by SyedaF_FAI on 9/22/2026 ..,09/29 05:00 PM,ETA: Order has been assigned to the abst..,1d 0m,1d 0m,09/22/2026 05:07 PM,,,,2026-09-22,24.0,True,False,Unknown,2026-09-24T05:41:07.310166+00:00
TPS-AD-101-10686943,BUYER: LANE PAR,09/29 01:15 PM,TPS-AD-,Ground,TELSIX,Update Full Ti..,,0,VA,Suffolk City,Suffolk,,UpdateSearch,Available,ETA accepted by SyedaF_FAI on 9/23/2026 ..,09/29 05:00 PM,ETA: Order has been assigned to the abst..,7h 43m,7h 42m,09/23/2026 09:16 AM,,,101-10808034,2026-09-23,7.72,True,False,Unknown,2026-09-24T05:41:07.310166+00:00
TPS-AD-101-10884660,** No Buyer inf,09/29 02:23 PM,TPS-AD-,Ground,TELSIX,Attorney Appro..,,0,LA,St. John the Baptist,La Place,,Search,Available,ETA accepted by SyedaF_FAI on 9/23/2026 ..,09/29 05:00 PM,ETA: Order has been assigned to the abst..,6h 35m,6h 35m,09/23/2026 10:24 AM,,,,2026-09-23,6.58,True,False,Unknown,2026-09-24T05:41:07.310166+00:00
TPS-AD-P1542006,BORROWER: Debor,09/29 02:38 PM,TPS-AD-,Online,SIRAEFCU,Legal & Vestin..,,0,CT,Hartford,Manchester,,Search,Available,"Inbound: ""Thank you for the update.""",09/30 09:00 AM,ETA: Waiting for plant date to match the..,6d 5h 41m,6d 5h 40m,09/15/2026 11:18 AM,,,,2026-09-15,149.68,True,False,Unknown,2026-09-24T05:41:07.310166+00:00
TPS-AD-76333829,Grant M Gowen;,09/29 02:39 PM,TPS-AD-,Ground,TSO,External Updat..,,0,NE,Douglas,Elkhorn,4583538021,UpdateSearch,Available,ETA accepted by SyedaF_FAI on 9/23/2026 ..,09/29 05:00 PM,ETA: Order has been assigned to the abst..,6h 19m,6h 16m,09/23/2026 10:40 AM,,,,2026-09-23,6.32,True,False,Unknown,2026-09-24T05:41:07.310166+00:00
TPS-AD-101-10930184,BUYER: Russell,09/29 02:55 PM,TPS-AD-,Ground,TELSIX,Full Title,,0,OH,Tuscarawas,New Philadelphia,,Search,Available,ETA accepted by SyedaF_FAI on 9/23/2026 ..,09/29 05:00 PM,ETA: Order has been assigned to the abst..,6h 3m,6h 1m,09/23/2026 10:56 AM,,,,2026-09-23,6.05,True,False,Unknown,2026-09-24T05:41:07.310166+00:00
TPS-AD-AHM-447411,borrower: Chris,09/29 03:38 PM,TPS-AD-,Ground,DOMA,Current Owner,,0,VA,King William,West Point,,Search,Available,ETA accepted by SyedaF_FAI on 9/23/2026 ..,09/29 05:00 PM,ETA: Order has been assigned to the abst..,5h 20m,5h 20m,09/23/2026 11:39 AM,,,,2026-09-23,5.33,True,False,Unknown,2026-09-24T05:41:07.310166+00:00
TPS-AD-101-10930214,BUYER: JEFFREY,09/29 03:45 PM,TPS-AD-,Ground,VYLLAMMP,Current Owner,,0,WV,Brooke,Follansbee,,Search,Available,ETA accepted by SyedaF_FAI on 9/23/2026 ..,09/29 05:00 PM,ETA: Order has been assigned to the abst..,5h 12m,5h 12m,09/23/2026 11:47 AM,,,,2026-09-23,5.2,True,False,Unknown,2026-09-24T05:41:07.310166+00:00
TPS-AD-101-10856120,LILYANNA HORN A,09/29 03:46 PM,TPS-AD-,Ground,TELSIX,Update Full Ti..,,0,OH,Tuscarawas,NEW PHILADELPHIA,,UpdateSearch,Available,ETA accepted by SyedaF_FAI on 9/23/2026 ..,09/29 05:00 PM,ETA: Order has been assigned to the abst..,5h 12m,5h 11m,09/23/2026 11:47 AM,,,,2026-09-23,5.2,True,False,Unknown,2026-09-24T05:41:07.310166+00:00
TPS-AD-1280836387,TBD TBD,09/29 04:35 PM,TPS-AD-,Ground,VALU,Full Title,,0,NE,Platte,Silver Creek,,Search,Available,ETA accepted by SyedaF_FAI on 9/23/2026 ..,09/29 05:00 PM,ETA: Order has been assigned to the abst..,4h 23m,4h 22m,09/23/2026 12:36 PM,,,,2026-09-23,4.38,True,False,Unknown,2026-09-24T05:41:07.310166+00:00
TPS-AD-101-10929711,BUYER: HATTIE J,09/29 04:51 PM,TPS-AD-,Ground,VYLLAMMP,Current Owner,,0,PA,Adams,Hanover,,Search,Available,ETA accepted by SyedaF_FAI on 9/23/2026 ..,09/29 05:00 PM,ETA: Order has been assigned to the abst..,4h 7m,4h 6m,09/23/2026 12:52 PM,,,,2026-09-23,4.12,True,False,Unknown,2026-09-24T05:41:07.310166+00:00
TPS-AD-101-10929525,BUYER: WILLIAM,09/30 09:17 AM,TPS-AD-,Ground,TELSIX,Full Title,,0,PA,Fayette,Mc Clellandtown,,Search,Available,ETA accepted by SyedaF_FAI on 9/23/2026 ..,09/30 05:00 PM,ETA: Order has been assigned to the abst..,2d 0m,2d 0m,09/22/2026 06:45 AM,,,,2026-09-22,48.0,True,False,Unknown,2026-09-24T05:41:07.310166+00:00
TPS-AD-TLS-441828,borrower: BEATR,09/30 10:03 AM,TPS-AD-,Online,DOMA,Update Current..,,0,IL,Cook,Northlake,,UpdateSearch,Available,REQUESTED E DATE NOT YET MET: CURRENT E ..,10/09 05:00 PM,"ETA: Hello, For the subject order, the D..",1d 6h 55m,1d 6h 55m,09/22/2026 10:04 AM,,,,2026-09-22,30.92,True,False,Unknown,2026-09-24T05:41:07.310166+00:00
TPS-AD-101-10930335,BUYER: Arnesia,09/30 10:09 AM,TPS-AD-,Ground,TELSIX,Two Owner,,0,VA,Newport News City,Newport News,,Search,Available,ETA accepted by SyedaF_FAI on 9/23/2026 ..,09/30 05:00 PM,ETA: Order has been assigned to the abst..,2h 49m,2h 49m,09/23/2026 02:10 PM,,,,2026-09-23,2.82,True,False,Unknown,2026-09-24T05:41:07.310166+00:00
TPS-AD-LF-447395,borrower: Daryl,09/30 10:15 AM,TPS-AD-,Ground,DOMA,Current Owner,,0,MN,Lincoln,Tyler,,Search,Available,ETA accepted by SyedaF_FAI on 9/23/2026 ..,09/30 05:00 PM,ETA: Order has been assigned to the abst..,1d 0m,1d 0m,09/22/2026 07:47 PM,,,,2026-09-22,24.0,True,False,Unknown,2026-09-24T05:41:07.310166+00:00
TPS-AD-75811587,Michele Weathe,09/30 10:20 AM,TPS-AD-,Ground,TSO,Update 24 Mont..,,0,MT,Mineral,Alberton,0034900,UpdateSearch,Available,ETA accepted by SyedaF_FAI on 9/23/2026 ..,09/30 05:00 PM,ETA: Order has been assigned to the abst..,2h 38m,2h 38m,09/23/2026 02:21 PM,,,,2026-09-23,2.63,True,False,Unknown,2026-09-24T05:41:07.310166+00:00
TPS-AD-923668722,BORROWER: MARY,09/30 10:36 AM,TPS-AD-,Ground,DATATREE,Legal & Vestin..,,0,WI,Forest,CRANDON,012-00675-0000,Search,Available,ETA accepted by SyedaF_FAI on 9/23/2026 ..,09/30 05:00 PM,ETA: Order has been assigned to the abst..,2h 22m,2h 22m,09/23/2026 02:37 PM,,,,2026-09-23,2.37,True,False,Unknown,2026-09-24T05:41:07.310166+00:00
TPS-AD-76407252,WILLIAM A KERES,09/30 10:47 AM,TPS-AD-,Ground,TSO,Extended Updat..,,0,OK,Cleveland,Oklahoma City,58922,Search,Available,ETA accepted by SyedaF_FAI on 9/23/2026 ..,09/30 05:00 PM,ETA: Order has been assigned to the abst..,2h 9m,2h 9m,09/23/2026 02:50 PM,,,,2026-09-23,2.15,True,False,Unknown,2026-09-24T05:41:07.310166+00:00
TPS-AD-101-10892737,MATTHEW HALL,09/30 10:55 AM,TPS-AD-,Ground,TELSIX,Update Full Ti..,,0,OH,Huron,NEW LONDON,,UpdateSearch,Available,ETA accepted by SyedaF_FAI on 9/23/2026 ..,09/30 05:00 PM,ETA: Order has been assigned to the abst..,2h 3m,2h 2m,09/23/2026 02:56 PM,,,,2026-09-23,2.05,True,False,Unknown,2026-09-24T05:41:07.310166+00:00
TPS-AD-P1542947,BORROWER: Justi,09/30 11:44 AM,TPS-AD-,Online,SIRAVNSFCU,Current Owner,,0,CT,Fairfield,Stamford,,Search,Available,REQUESTED E DATE NOT YET MET: CURRENT E ..,10/02 05:00 PM,"ETA: Hello, As Per the Stamford Town Rec..",3d 5h 14m,3d 5h 14m,09/18/2026 11:45 AM,,,,2026-09-18,77.23,True,False,Unknown,2026-09-24T05:41:07.310166+00:00
TPS-AD-14-26-05590,BORROWER: Oludo,09/30 12:59 PM,TPS-AD-,Online,CODILIS,Update Full Ti..,,0,IL,Lake,Grayslake,0635305024,UpdateSearch,Available,REQUESTED E DATE NOT YET MET: CURRENT E ..,09/29 05:00 PM,ETA:ON HOLD - Waiting for plant date to ..,1d 0m,1d 0m,09/22/2026 11:20 PM,,,,2026-09-22,24.0,True,False,Unknown,2026-09-24T05:41:07.310166+00:00
TPS-AD-101-10908423,ABEL CAMARILLO,09/30 01:00 PM,TPS-AD-,Online,TELSIX,Update w/ Requ..,,0,TX,Jim Wells,ALICE,_,UpdateSearch,Available,REQUESTED E DATE NOT YET MET: CURRENT E ..,09/29 05:00 PM,ETA:ON HOLD - Waiting for plant date to ..,2d 6h 14m,2d 6h 14m,09/21/2026 10:45 AM,,,101-10908423,2026-09-21,54.23,True,False,Unknown,2026-09-24T05:41:07.310166+00:00
TPS-AD-101-10912018,MARLENE GAMBS,09/30 01:00 PM,TPS-AD-,Ground,TELSIX,Update w/ Requ..,,0,OH,Tuscarawas,UHRICHSVILLE,_,UpdateSearch,Available,REQUESTED E DATE NOT YET MET: CURRENT E ..,09/29 05:00 PM,ON HOLD - Waiting for plant date to matc..,2d 0m,2d 0m,09/21/2026 05:45 PM,,,,2026-09-21,48.0,True,False,Unknown,2026-09-24T05:41:07.310166+00:00
TPS-AD-444317MTS,Kenneth McCall,09/30 01:00 PM,TPS-AD-,Ground,RGS,Current Owner,,0,VA,New Kent,Providence Forge,,Search,Available,ETA accepted by SyedaF_FAI on 9/23/2026 ..,09/30 05:00 PM,ETA: Order has been assigned to the abst..,0m,0m,09/23/2026 05:33 PM,,,,2026-09-23,0.0,True,False,Unknown,2026-09-24T05:41:07.310166+00:00
TPS-AD-P1538781,BORROWER: Thoma,10/01 12:59 PM,TPS-AD-,Online,SIRAEFCU,Update Current..,,0,CT,Tolland,Coventry,,UpdateSearch,Available,ETA accepted by KondaveniP_FAI on 9/23/2..,09/30 05:00 PM,ON HOLD - Waiting for plant date to matc..,1d 4h 39m,1d 4h 39m,09/22/2026 12:20 PM,,,,2026-09-22,28.65,True,False,Unknown,2026-09-24T05:41:07.310166+00:00
TPS-AD-101-10912699,BUYER: Rashid B,10/01 12:59 PM,TPS-AD-,Online,TELSIX,Update w/ Requ..,,0,NJ,Bergen,Teaneck,,UpdateSearch,Available,ETA accepted by SyedaF_FAI on 9/23/2026 ..,09/30 05:00 PM,ON HOLD - Waiting for plant date to matc..,5h 44m,5h 44m,09/23/2026 11:15 AM,,,,2026-09-23,5.73,True,False,Unknown,2026-09-24T05:41:07.310166+00:00
TPS-AD-101-10828774,DENNIS GOULD,10/01 01:00 PM,TPS-AD-,Online,TELSIX,Update w/ Requ..,,0,TX,Taylor,ABILENE,,UpdateSearch,Available,REQUESTED E DATE NOT YET MET: CURRENT E ..,09/30 05:00 PM,ETA:ON HOLD - Waiting for plant date to ..,5d 2h 48m,5d 2h 48m,09/16/2026 02:11 PM,,,,2026-09-16,122.8,True,False,Unknown,2026-09-24T05:41:07.310166+00:00
TPS-AD-101-10854003,BUYER: KENDRA L,10/01 01:00 PM,TPS-AD-,Online,VYLLAMMP,Update w/ Requ..,,0,MI,Muskegon,Muskegon,,UpdateSearch,Available,REQUESTED E DATE NOT YET MET: CURRENT E ..,09/30 05:00 PM,ON HOLD - Waiting for plant date to matc..,5d 0m,5d 0m,09/17/2026 08:15 AM,,,,2026-09-17,120.0,True,False,Unknown,2026-09-24T05:41:07.310166+00:00
TPS-AD-101-10864653,RYAN RILEY AND,10/01 01:00 PM,TPS-AD-,Online,TELSIX,Update w/ Requ..,,0,AR,Pope,RUSSELLVILLE,,UpdateSearch,Available,ETA accepted by KondaveniP_FAI on 9/23/2..,09/30 05:00 PM,ON HOLD - Hello Waiting for plant date t..,6d 1h 49m,6d 1h 48m,09/15/2026 03:10 PM,,,101-10926796,2026-09-15,145.82,True,False,Unknown,2026-09-24T05:41:07.310166+00:00
TPS-AD-101-10869115,CHI PARK,10/01 01:00 PM,TPS-AD-,Online,TELSIX,Update w/ Requ..,,0,NY,Richmond,STATEN ISLAND,,UpdateSearch,Available,REQUESTED E DATE NOT YET MET: CURRENT E ..,09/30 05:00 PM,ON HOLD - Waiting for plant date to matc..,2d 0m,2d 0m,09/21/2026 05:51 PM,,,,2026-09-21,48.0,True,False,Unknown,2026-09-24T05:41:07.310166+00:00
TPS-AD-101-10880944,CECILIA DEAL AN,10/01 01:00 PM,TPS-AD-,Online,TELSIX,Update w/ Requ..,,0,AR,Pope,RUSSELLVILLE,,UpdateSearch,Available,ETA accepted by KondaveniP_FAI on 9/23/2..,09/30 05:00 PM,ON HOLD - Waiting for plant date to matc..,9d 5h 41m,9d 5h 41m,09/10/2026 11:18 AM,,,101-10880944,2026-09-10,221.68,True,False,Unknown,2026-09-24T05:41:07.310166+00:00
TPS-AD-14-26-04776,Jessica Reeves,10/01 01:00 PM,TPS-AD-,Online,CODILIS,Update Full Ti..,,0,IL,Lake,Hainesville,06-28-202-024-0000,UpdateSearch,Available,ETA accepted by SyedaF_FAI on 9/23/2026 ..,09/30 05:00 PM,ETA:ON HOLD - Waiting for plant date to ..,2d 5h 37m,2d 5h 37m,09/21/2026 11:22 AM,,,,2026-09-21,53.62,True,False,Unknown,2026-09-24T05:41:07.310166+00:00
TPS-AD-14-26-04804,Buyer(s): Franc,10/01 01:00 PM,TPS-AD-,Online,CODILIS,Update Full Ti..,,0,IL,Lake,Mundelein,"11-31-112-028, 11-31-112-",UpdateSearch,Available,ETA accepted by SyedaF_FAI on 9/23/2026 ..,09/30 05:00 PM,ETA:ON HOLD - Waiting for plant date to ..,2d 2h 27m,2d 2h 27m,09/21/2026 02:32 PM,,,,2026-09-21,50.45,True,False,Unknown,2026-09-24T05:41:07.310166+00:00
TPS-AD-101-10904968,CHALMER COOK an,10/01 01:00 PM,TPS-AD-,Online,TELSIX,Update w/ Requ..,,0,FL,Lee,Cape Coral,,UpdateSearch,Available,ETA accepted by SyedaF_FAI on 9/23/2026 ..,09/30 05:00 PM,ON HOLD - Waiting for plant date to matc..,2d 7h 4m,2d 6h 55m,09/21/2026 09:55 AM,,,101-10904968,2026-09-21,55.07,True,False,Unknown,2026-09-24T05:41:07.310166+00:00
TPS-AD-14-26-05515,BORROWER: Romeo,10/01 01:00 PM,TPS-AD-,Online,CODILIS,Update Full Ti..,,0,IL,Will,Park Forest,,UpdateSearch,Available,REQUESTED E DATE NOT YET MET: CURRENT E ..,10/12 05:00 PM,ETA:ON HOLD - Waiting for plant date to ..,0m,0m,09/23/2026 06:22 PM,,,,2026-09-23,0.0,True,False,Unknown,2026-09-24T05:41:07.310166+00:00
TPS-AD-14-26-05550,BORROWER: Sundr,10/01 01:00 PM,TPS-AD-,Online,CODILIS,Update Full Ti..,,0,IL,Peoria,Peoria,,UpdateSearch,Available,ETA accepted by SyedaF_FAI on 9/23/2026 ..,09/30 05:00 PM,ON HOLD - Waiting for plant date to matc..,0m,0m,09/23/2026 06:22 PM,,,,2026-09-23,0.0,True,False,Unknown,2026-09-24T05:41:07.310166+00:00
TPS-AD-101-10913220,BUYER: PINNACLE,10/02 12:59 PM,TPS-AD-,Online,TELSIX,Update w/ Requ..,,0,NY,Sullivan,Kauneonga Lake,,UpdateSearch,Available,REQUESTED E DATE NOT YET MET: CURRENT E ..,10/23 05:00 PM,ETA: Waiting for plant date to match the..,9d 4h 52m,9d 4h 52m,09/10/2026 12:07 PM,,,101-10913220,2026-09-10,220.87,True,False,Unknown,2026-09-24T05:41:07.310166+00:00
TPS-AD-14-26-05560,BORROWER: Tami,10/02 12:59 PM,TPS-AD-,Online,CODILIS,Update Full Ti..,,0,IL,Will,Tinley Park,,UpdateSearch,Available,REQUESTED E DATE NOT YET MET: CURRENT E ..,10/01 05:00 PM,ETA:ON HOLD - Waiting for plant date to ..,1d 0m,1d 0m,09/22/2026 11:52 PM,,,,2026-09-22,24.0,True,False,Unknown,2026-09-24T05:41:07.310166+00:00
TPS-AD-P1522316,BORROWER: David,10/05 12:07 PM,TPS-AD-,Online,SIRAVNNWCB,Update Current..,,0,CT,Hartford,East Hartland,,UpdateSearch,Available,REQUESTED E DATE NOT YET MET: CURRENT E ..,10/02 05:00 PM,"ETA: Hello, As Per the Hartland Town Rec..",15d 4h 52m,15d 4h 52m,09/01/2026 12:07 PM,,,,2026-09-01,364.87,True,False,Unknown,2026-09-24T05:41:07.310166+00:00
TPS-AD-101-10911949,BUYER: THOMAS E,10/05 12:59 PM,TPS-AD-,Online,TELSIX,Update w/ Requ..,,0,KY,Grayson,Falls of Rough,,UpdateSearch,Available,REQUESTED E DATE NOT YET MET: CURRENT E ..,10/02 05:00 PM,ON HOLD - Hello Waiting for plant date t..,5d 2h 10m,5d 2h 10m,09/16/2026 02:49 PM,,,,2026-09-16,122.17,True,False,Unknown,2026-09-24T05:41:07.310166+00:00
TPS-AD-101-10780223,BUYER: SABIR BE,10/05 01:00 PM,TPS-AD-,Online,TELSIX,Update w/ Requ..,,0,NY,Monroe,Rochester,,UpdateSearch,Available,REQUESTED E DATE NOT YET MET: CURRENT E ..,10/02 05:00 PM,ETA:ON HOLD - Waiting for plant date to ..,19d 4h 14m,19d 4h 14m,08/26/2026 12:45 PM,,,101-10780223,2026-08-26,460.23,True,False,Unknown,2026-09-24T05:41:07.310166+00:00
TPS-AD-14-26-04324,BORROWER: Angel,10/05 01:00 PM,TPS-AD-,Online,CODILIS,Update Full Ti..,,0,IL,Mason,Mason City,,UpdateSearch,Available,ETA accepted by SyedaF_FAI on 9/23/2026 ..,10/02 05:00 PM,ETA:ON HOLD - Waiting for plant date to ..,1d 0m,1d 0m,09/22/2026 11:51 PM,,,,2026-09-22,24.0,True,False,Unknown,2026-09-24T05:41:07.310166+00:00
TPS-AD-14-26-05050,BORROWER: Richa,10/05 01:00 PM,TPS-AD-,Online,CODILIS,Update Full Ti..,,0,IL,Will,Custer Park,,UpdateSearch,Available,REQUESTED E DATE NOT YET MET: CURRENT E ..,10/05 09:00 AM,ETA:ON HOLD - Waiting for plant date to ..,1d 0m,1d 0m,09/22/2026 11:52 PM,,,,2026-09-22,24.0,True,False,Unknown,2026-09-24T05:41:07.310166+00:00
TPS-AD-14-26-05547,BORROWER: Kirk,10/05 01:00 PM,TPS-AD-,Online,CODILIS,Update Full Ti..,,0,IL,Will,Lockport,,UpdateSearch,Available,REQUESTED E DATE NOT YET MET: CURRENT E ..,10/05 09:00 AM,ETA:ON HOLD - Waiting for plant date to ..,1d 0m,1d 0m,09/22/2026 11:52 PM,,,,2026-09-22,24.0,True,False,Unknown,2026-09-24T05:41:07.310166+00:00
TPS-AD-101-10915181,PAULA CONWELL,10/07 12:59 PM,TPS-AD-,Ground,TELSIX,Update w/ Requ..,,0,OH,Medina,BRUNSWICK,_,UpdateSearch,Available,REQUESTED E DATE NOT YET MET: CURRENT E ..,10/06 05:00 PM,ON HOLD - Waiting for plant date to matc..,3h 50m,3h 49m,09/23/2026 01:09 PM,,,,2026-09-23,3.83,True,False,Unknown,2026-09-24T05:41:07.310166+00:00
TPS-AD-101-10847298,** Multiple typ,10/07 01:00 PM,TPS-AD-,Online,TELSIX,Update w/ Requ..,,0,MI,Bay,Essexville,,UpdateSearch,Available,REQUESTED E DATE NOT YET MET: CURRENT E ..,10/06 05:00 PM,ETA:ON HOLD - Waiting for plant date to ..,2d 0m,2d 0m,09/21/2026 05:37 PM,,,101-10926876,2026-09-21,48.0,True,False,Unknown,2026-09-24T05:41:07.310166+00:00
TPS-AD-101-10919507,BUYER: NICOLE D,10/07 01:00 PM,TPS-AD-,Online,VYLLAMMP,Update w/ Requ..,,0,MI,Montcalm,Howard City,,UpdateSearch,Available,ETA accepted by SyedaF_FAI on 9/23/2026 ..,10/06 05:00 PM,ON HOLD - Waiting for plant date to matc..,0m,0m,09/23/2026 05:13 PM,,,,2026-09-23,0.0,True,False,Unknown,2026-09-24T05:41:07.310166+00:00
TPS-AD-14-26-05573,BORROWER: Laton,10/08 01:00 PM,TPS-AD-,Online,CODILIS,Update Full Ti..,,0,IL,Will,Plainfield,,UpdateSearch,Available,REQUESTED E DATE NOT YET MET: CURRENT E ..,10/07 05:00 PM,ETA:ON HOLD - Waiting for plant date to ..,1d 0m,1d 0m,09/22/2026 11:51 PM,,,,2026-09-22,24.0,True,False,Unknown,2026-09-24T05:41:07.310166+00:00
TPS-AD-14-26-05522,BORROWER: Micha,10/09 12:59 PM,TPS-AD-,Online,CODILIS,Update Full Ti..,,0,IL,Will,Joliet,30-07-02-414-024-0000,UpdateSearch,Available,REQUESTED E DATE NOT YET MET: CURRENT E ..,10/08 05:00 PM,ETA:ON HOLD - Waiting for plant date to ..,1d 0m,1d 0m,09/22/2026 11:52 PM,,,,2026-09-22,24.0,True,False,Unknown,2026-09-24T05:41:07.310166+00:00
TPS-AD-101-10844252,ALPHONSO FORRES,10/14 09:19 AM,TPS-AD-,Ground,TELSIX,Update w/ Requ..,,0,VA,Chesapeake City,CHESAPEAKE,,UpdateSearch,Available,[Int] - TV Auto Suspend - TV Auto-Suspen..,10/09 05:00 PM,ETA: Waiting for plant date to match the..,8d 3h 40m,8d 3h 40m,09/11/2026 01:19 PM,,,,2026-09-11,195.67,True,False,Unknown,2026-09-24T05:41:07.310166+00:00
TPS-AD-101-10389781-5,BUYER: ROY OLIV,10/14 01:00 PM,TPS-AD-,Online,TELSIX,Update w/ Requ..,,0,TX,Atascosa,Lytle,,UpdateSearch,Available,REQUESTED E DATE NOT YET MET: CURRENT E ..,10/13 05:00 PM,ON HOLD - Waiting for plant date to matc..,1d 6h 43m,1d 6h 43m,09/22/2026 10:16 AM,,,101-10784779,2026-09-22,30.72,True,False,Unknown,2026-09-24T05:41:07.310166+00:00
TPS-AD-101-10873840,CHARLES STASZEW,10/15 01:00 PM,TPS-AD-,Online,TELSIX,Update w/ Requ..,,0,NY,Monroe,NORTH CHILI,,UpdateSearch,Available,REQUESTED E DATE NOT YET MET: CURRENT E ..,10/14 05:00 PM,ETA:ON HOLD - Waiting for plant date to ..,13d 3h 39m,13d 3h 39m,09/03/2026 01:20 PM,,,101-10873840,2026-09-03,315.65,True,False,Unknown,2026-09-24T05:41:07.310166+00:00
TPS-AD-14-26-04899,BORROWER: Fnu Y,10/15 01:00 PM,TPS-AD-,Online,CODILIS,Update Two Own..,,0,IL,Ogle,Rochelle,,UpdateSearch,Available,REQUESTED E DATE NOT YET MET: CURRENT E ..,10/14 05:00 PM,ETA:ON HOLD - Waiting for plant date to ..,23d 4h 32m,23d 4h 32m,08/20/2026 12:27 PM,,,,2026-08-20,556.53,True,False,Unknown,2026-09-24T05:41:07.310166+00:00
TPS-AD-101-10902622,BUYER: Danielle,10/19 01:00 PM,TPS-AD-,Online,TELSIX,Update w/ Requ..,,0,NY,Monroe,Rochester,,UpdateSearch,Available,REQUESTED E DATE NOT YET MET: CURRENT E ..,10/16 05:00 PM,ETA:ON HOLD - Waiting for plant date to ..,2d 7h 52m,2d 7h 52m,09/21/2026 09:07 AM,,,,2026-09-21,55.87,True,False,Unknown,2026-09-24T05:41:07.310166+00:00
TPS-AD-101-10915166,MATTHEW WOODMAN,10/21 12:59 PM,TPS-AD-,Online,TELSIX,Update w/ Requ..,,0,MI,Calhoun,ALBION,_,UpdateSearch,Available,REQUESTED E DATE NOT YET MET: CURRENT E ..,10/20 05:00 PM,ON HOLD - Waiting for plant date to matc..,3h 53m,3h 53m,09/23/2026 01:06 PM,,,,2026-09-23,3.88,True,False,Unknown,2026-09-24T05:41:07.310166+00:00
TPS-AD-101-10886810,EUNICE VALENCIA,10/28 01:00 PM,TPS-AD-,Online,TELSIX,Update w/ Requ..,,0,NJ,Bergen,TOWNSHIP OF WASHINGTON,,UpdateSearch,Available,REQUESTED E DATE NOT YET MET: CURRENT E ..,10/27 05:00 PM,ETA:ON HOLD - Hello Waiting for plant da..,7d 1h 42m,7d 1h 42m,09/14/2026 03:17 PM,,,,2026-09-14,169.7,True,False,Unknown,2026-09-24T05:41:07.310166+00:00
TPS-AD-101-10869034,DARREN PHILLIPS,10/30 01:00 PM,TPS-AD-,Online,TELSIX,Update w/ Requ..,,0,FL,Dixie,OLD TOWN,,UpdateSearch,Available,Continue - Document 2026-15002846 attach..,10/29 05:00 PM,ON HOLD - Hello Waiting for plant date t..,1d 1h 26m,1d 1h 24m,09/22/2026 03:33 PM,,,,2026-09-22,25.43,True,False,Unknown,2026-09-24T05:41:07.310166+00:00
